,Province/State,Date,Confirmed,Deaths,Recovered
0,Anhui,2020-01-22,1,0,0
1,Anhui,2020-01-23,9,0,0
2,Anhui,2020-01-24,15,0,0
3,Anhui,2020-01-25,39,0,0
4,Anhui,2020-01-26,60,0,0
5,Anhui,2020-01-27,70,0,0
6,Anhui,2020-01-28,106,0,0
7,Anhui,2020-01-29,152,0,2
8,Anhui,2020-01-30,200,0,2
9,Anhui,2020-01-31,237,0,3
10,Anhui,2020-02-01,297,0,5
11,Anhui,2020-02-02,340,0,7
12,Anhui,2020-02-03,408,0,14
13,Anhui,2020-02-04,480,0,20
14,Anhui,2020-02-05,530,0,23
15,Anhui,2020-02-06,591,0,34
16,Anhui,2020-02-07,665,0,47
17,Anhui,2020-02-08,733,0,59
18,Anhui,2020-02-09,779,1,72
19,Anhui,2020-02-10,830,3,88
20,Anhui,2020-02-11,860,4,105
21,Anhui,2020-02-12,889,4,127
22,Anhui,2020-02-13,910,5,157
23,Anhui,2020-02-14,934,6,193
24,Anhui,2020-02-15,950,6,221
25,Anhui,2020-02-16,962,6,255
26,Anhui,2020-02-17,973,6,280
27,Anhui,2020-02-18,982,6,361
28,Anhui,2020-02-19,986,6,413
29,Anhui,2020-02-20,987,6,474
30,Anhui,2020-02-21,988,6,539
31,Anhui,2020-02-22,989,6,597
32,Anhui,2020-02-23,989,6,637
33,Anhui,2020-02-24,989,6,663
34,Anhui,2020-02-25,989,6,712
35,Anhui,2020-02-26,989,6,744
36,Anhui,2020-02-27,989,6,792
37,Anhui,2020-02-28,990,6,821
38,Anhui,2020-02-29,990,6,868
39,Anhui,2020-03-01,990,6,873
40,Anhui,2020-03-02,990,6,917
41,Anhui,2020-03-03,990,6,936
42,Anhui,2020-03-04,990,6,956
43,Anhui,2020-03-05,990,6,970
44,Anhui,2020-03-06,990,6,979
45,Anhui,2020-03-07,990,6,979
46,Anhui,2020-03-08,990,6,984
47,Anhui,2020-03-09,990,6,984
48,Anhui,2020-03-10,990,6,984
49,Anhui,2020-03-11,990,6,984
50,Anhui,2020-03-12,990,6,984
51,Anhui,2020-03-13,990,6,984
52,Anhui,2020-03-14,990,6,984
53,Anhui,2020-03-15,990,6,984
54,Anhui,2020-03-16,990,6,984
55,Anhui,2020-03-17,990,6,984
56,Anhui,2020-03-18,990,6,984
57,Anhui,2020-03-19,990,6,984
58,Anhui,2020-03-20,990,6,984
59,Anhui,2020-03-21,990,6,984
60,Anhui,2020-03-22,990,6,984
61,Anhui,2020-03-23,990,6,984
62,Anhui,2020-03-24,990,6,984
63,Anhui,2020-03-25,990,6,984
64,Anhui,2020-03-26,990,6,984
65,Anhui,2020-03-27,990,6,984
66,Anhui,2020-03-28,990,6,984
67,Anhui,2020-03-29,990,6,984
68,Anhui,2020-03-30,990,6,984
69,Anhui,2020-03-31,990,6,984
70,Anhui,2020-04-01,990,6,984
71,Anhui,2020-04-02,990,6,984
72,Anhui,2020-04-03,990,6,984
73,Anhui,2020-04-04,990,6,984
74,Anhui,2020-04-05,990,6,984
75,Anhui,2020-04-06,990,6,984
76,Anhui,2020-04-07,990,6,984
77,Anhui,2020-04-08,990,6,984
78,Anhui,2020-04-09,991,6,984
79,Anhui,2020-04-10,991,6,984
80,Anhui,2020-04-11,991,6,984
81,Anhui,2020-04-12,991,6,984
82,Beijing,2020-01-22,14,0,0
83,Beijing,2020-01-23,22,0,0
84,Beijing,2020-01-24,36,0,1
85,Beijing,2020-01-25,41,0,2
86,Beijing,2020-01-26,68,0,2
87,Beijing,2020-01-27,80,1,2
88,Beijing,2020-01-28,91,1,4
89,Beijing,2020-01-29,111,1,4
90,Beijing,2020-01-30,114,1,4
91,Beijing,2020-01-31,139,1,5
92,Beijing,2020-02-01,168,1,9
93,Beijing,2020-02-02,191,1,9
94,Beijing,2020-02-03,212,1,12
95,Beijing,2020-02-04,228,1,23
96,Beijing,2020-02-05,253,1,24
97,Beijing,2020-02-06,274,1,31
98,Beijing,2020-02-07,297,1,33
99,Beijing,2020-02-08,315,2,34
100,Beijing,2020-02-09,326,2,37
101,Beijing,2020-02-10,337,2,44
102,Beijing,2020-02-11,342,3,48
103,Beijing,2020-02-12,352,3,56
104,Beijing,2020-02-13,366,3,69
105,Beijing,2020-02-14,372,3,80
106,Beijing,2020-02-15,375,4,98
107,Beijing,2020-02-16,380,4,108
108,Beijing,2020-02-17,381,4,114
109,Beijing,2020-02-18,387,4,122
110,Beijing,2020-02-19,393,4,145
111,Beijing,2020-02-20,395,4,153
112,Beijing,2020-02-21,396,4,169
113,Beijing,2020-02-22,399,4,178
114,Beijing,2020-02-23,399,4,189
115,Beijing,2020-02-24,399,4,198
116,Beijing,2020-02-25,400,4,215
117,Beijing,2020-02-26,400,4,235
118,Beijing,2020-02-27,410,5,248
119,Beijing,2020-02-28,410,7,257
120,Beijing,2020-02-29,411,8,271
121,Beijing,2020-03-01,413,8,276
122,Beijing,2020-03-02,414,8,282
123,Beijing,2020-03-03,414,8,288
124,Beijing,2020-03-04,418,8,297
125,Beijing,2020-03-05,418,8,297
126,Beijing,2020-03-06,422,8,299
127,Beijing,2020-03-07,426,8,303
128,Beijing,2020-03-08,428,8,308
129,Beijing,2020-03-09,428,8,315
130,Beijing,2020-03-10,429,8,320
131,Beijing,2020-03-11,435,8,326
132,Beijing,2020-03-12,435,8,334
133,Beijing,2020-03-13,436,8,342
134,Beijing,2020-03-14,437,8,349
135,Beijing,2020-03-15,442,8,353
136,Beijing,2020-03-16,452,8,360
137,Beijing,2020-03-17,456,8,369
138,Beijing,2020-03-18,469,8,378
139,Beijing,2020-03-19,480,8,380
140,Beijing,2020-03-20,491,8,390
141,Beijing,2020-03-21,504,8,396
142,Beijing,2020-03-22,522,8,400
143,Beijing,2020-03-23,537,8,400
144,Beijing,2020-03-24,558,8,401
145,Beijing,2020-03-25,561,8,403
146,Beijing,2020-03-26,566,8,406
147,Beijing,2020-03-27,569,8,408
148,Beijing,2020-03-28,573,8,410
149,Beijing,2020-03-29,577,8,412
150,Beijing,2020-03-30,577,8,415
151,Beijing,2020-03-31,580,8,418
152,Beijing,2020-04-01,580,8,418
153,Beijing,2020-04-02,582,8,424
154,Beijing,2020-04-03,584,8,434
155,Beijing,2020-04-04,585,8,438
156,Beijing,2020-04-05,586,8,441
157,Beijing,2020-04-06,587,8,443
158,Beijing,2020-04-07,587,8,448
159,Beijing,2020-04-08,588,8,455
160,Beijing,2020-04-09,588,8,464
161,Beijing,2020-04-10,588,8,469
162,Beijing,2020-04-11,589,8,474
163,Beijing,2020-04-12,589,8,479
164,Chongqing,2020-01-22,6,0,0
165,Chongqing,2020-01-23,9,0,0
166,Chongqing,2020-01-24,27,0,0
167,Chongqing,2020-01-25,57,0,0
168,Chongqing,2020-01-26,75,0,0
169,Chongqing,2020-01-27,110,0,0
170,Chongqing,2020-01-28,132,0,0
171,Chongqing,2020-01-29,147,0,1
172,Chongqing,2020-01-30,182,0,1
173,Chongqing,2020-01-31,211,0,1
174,Chongqing,2020-02-01,247,1,3
175,Chongqing,2020-02-02,300,2,7
176,Chongqing,2020-02-03,337,2,9
177,Chongqing,2020-02-04,366,2,9
178,Chongqing,2020-02-05,389,2,15
179,Chongqing,2020-02-06,411,2,24
180,Chongqing,2020-02-07,426,2,31
181,Chongqing,2020-02-08,428,2,39
182,Chongqing,2020-02-09,468,2,51
183,Chongqing,2020-02-10,486,2,66
184,Chongqing,2020-02-11,505,3,79
185,Chongqing,2020-02-12,518,3,102
186,Chongqing,2020-02-13,529,4,128
187,Chongqing,2020-02-14,537,5,152
188,Chongqing,2020-02-15,544,5,184
189,Chongqing,2020-02-16,551,5,207
190,Chongqing,2020-02-17,553,5,225
191,Chongqing,2020-02-18,555,5,254
192,Chongqing,2020-02-19,560,5,274
193,Chongqing,2020-02-20,567,6,299
194,Chongqing,2020-02-21,572,6,316
195,Chongqing,2020-02-22,573,6,328
196,Chongqing,2020-02-23,575,6,335
197,Chongqing,2020-02-24,576,6,349
198,Chongqing,2020-02-25,576,6,372
199,Chongqing,2020-02-26,576,6,384
200,Chongqing,2020-02-27,576,6,401
201,Chongqing,2020-02-28,576,6,422
202,Chongqing,2020-02-29,576,6,438
203,Chongqing,2020-03-01,576,6,450
204,Chongqing,2020-03-02,576,6,469
205,Chongqing,2020-03-03,576,6,490
206,Chongqing,2020-03-04,576,6,502
207,Chongqing,2020-03-05,576,6,512
208,Chongqing,2020-03-06,576,6,513
209,Chongqing,2020-03-07,576,6,526
210,Chongqing,2020-03-08,576,6,527
211,Chongqing,2020-03-09,576,6,542
212,Chongqing,2020-03-10,576,6,547
213,Chongqing,2020-03-11,576,6,554
214,Chongqing,2020-03-12,576,6,564
215,Chongqing,2020-03-13,576,6,566
216,Chongqing,2020-03-14,576,6,569
217,Chongqing,2020-03-15,576,6,570
218,Chongqing,2020-03-16,576,6,570
219,Chongqing,2020-03-17,576,6,570
220,Chongqing,2020-03-18,576,6,570
221,Chongqing,2020-03-19,576,6,570
222,Chongqing,2020-03-20,576,6,570
223,Chongqing,2020-03-21,576,6,570
224,Chongqing,2020-03-22,577,6,570
225,Chongqing,2020-03-23,578,6,570
226,Chongqing,2020-03-24,578,6,570
227,Chongqing,2020-03-25,578,6,570
228,Chongqing,2020-03-26,578,6,570
229,Chongqing,2020-03-27,578,6,570
230,Chongqing,2020-03-28,578,6,570
231,Chongqing,2020-03-29,579,6,570
232,Chongqing,2020-03-30,579,6,570
233,Chongqing,2020-03-31,579,6,570
234,Chongqing,2020-04-01,579,6,570
235,Chongqing,2020-04-02,579,6,570
236,Chongqing,2020-04-03,579,6,570
237,Chongqing,2020-04-04,579,6,570
238,Chongqing,2020-04-05,579,6,570
239,Chongqing,2020-04-06,579,6,570
240,Chongqing,2020-04-07,579,6,570
241,Chongqing,2020-04-08,579,6,570
242,Chongqing,2020-04-09,579,6,570
243,Chongqing,2020-04-10,579,6,570
244,Chongqing,2020-04-11,579,6,570
245,Chongqing,2020-04-12,579,6,570
246,Fujian,2020-01-22,1,0,0
247,Fujian,2020-01-23,5,0,0
248,Fujian,2020-01-24,10,0,0
249,Fujian,2020-01-25,18,0,0
250,Fujian,2020-01-26,35,0,0
251,Fujian,2020-01-27,59,0,0
252,Fujian,2020-01-28,80,0,0
253,Fujian,2020-01-29,84,0,0
254,Fujian,2020-01-30,101,0,0
255,Fujian,2020-01-31,120,0,0
256,Fujian,2020-02-01,144,0,0
257,Fujian,2020-02-02,159,0,0
258,Fujian,2020-02-03,179,0,1
259,Fujian,2020-02-04,194,0,3
260,Fujian,2020-02-05,205,0,11
261,Fujian,2020-02-06,215,0,14
262,Fujian,2020-02-07,224,0,20
263,Fujian,2020-02-08,239,0,24
264,Fujian,2020-02-09,250,0,35
265,Fujian,2020-02-10,261,0,39
266,Fujian,2020-02-11,267,0,45
267,Fujian,2020-02-12,272,0,53
268,Fujian,2020-02-13,279,0,57
269,Fujian,2020-02-14,281,0,63
270,Fujian,2020-02-15,285,0,71
271,Fujian,2020-02-16,287,0,82
272,Fujian,2020-02-17,290,0,90
273,Fujian,2020-02-18,292,0,93
274,Fujian,2020-02-19,293,0,112
275,Fujian,2020-02-20,293,1,126
276,Fujian,2020-02-21,293,1,149
277,Fujian,2020-02-22,293,1,162
278,Fujian,2020-02-23,293,1,170
279,Fujian,2020-02-24,293,1,183
280,Fujian,2020-02-25,294,1,199
281,Fujian,2020-02-26,294,1,218
282,Fujian,2020-02-27,296,1,228
283,Fujian,2020-02-28,296,1,235
284,Fujian,2020-02-29,296,1,243
285,Fujian,2020-03-01,296,1,247
286,Fujian,2020-03-02,296,1,255
287,Fujian,2020-03-03,296,1,260
288,Fujian,2020-03-04,296,1,270
289,Fujian,2020-03-05,296,1,277
290,Fujian,2020-03-06,296,1,284
291,Fujian,2020-03-07,296,1,295
292,Fujian,2020-03-08,296,1,295
293,Fujian,2020-03-09,296,1,295
294,Fujian,2020-03-10,296,1,295
295,Fujian,2020-03-11,296,1,295
296,Fujian,2020-03-12,296,1,295
297,Fujian,2020-03-13,296,1,295
298,Fujian,2020-03-14,296,1,295
299,Fujian,2020-03-15,296,1,295
300,Fujian,2020-03-16,296,1,295
301,Fujian,2020-03-17,296,1,295
302,Fujian,2020-03-18,296,1,295
303,Fujian,2020-03-19,296,1,295
304,Fujian,2020-03-20,299,1,295
305,Fujian,2020-03-21,303,1,295
306,Fujian,2020-03-22,313,1,295
307,Fujian,2020-03-23,313,1,295
308,Fujian,2020-03-24,318,1,295
309,Fujian,2020-03-25,322,1,295
310,Fujian,2020-03-26,328,1,295
311,Fujian,2020-03-27,331,1,295
312,Fujian,2020-03-28,337,1,295
313,Fujian,2020-03-29,338,1,295
314,Fujian,2020-03-30,340,1,295
315,Fujian,2020-03-31,343,1,295
316,Fujian,2020-04-01,345,1,298
317,Fujian,2020-04-02,345,1,299
318,Fujian,2020-04-03,349,1,300
319,Fujian,2020-04-04,350,1,301
320,Fujian,2020-04-05,350,1,303
321,Fujian,2020-04-06,350,1,305
322,Fujian,2020-04-07,351,1,305
323,Fujian,2020-04-08,351,1,308
324,Fujian,2020-04-09,351,1,308
325,Fujian,2020-04-10,351,1,311
326,Fujian,2020-04-11,351,1,317
327,Fujian,2020-04-12,352,1,321
328,Gansu,2020-01-22,0,0,0
329,Gansu,2020-01-23,2,0,0
330,Gansu,2020-01-24,2,0,0
331,Gansu,2020-01-25,4,0,0
332,Gansu,2020-01-26,7,0,0
333,Gansu,2020-01-27,14,0,0
334,Gansu,2020-01-28,19,0,0
335,Gansu,2020-01-29,24,0,0
336,Gansu,2020-01-30,26,0,0
337,Gansu,2020-01-31,29,0,0
338,Gansu,2020-02-01,40,0,0
339,Gansu,2020-02-02,51,0,3
340,Gansu,2020-02-03,55,0,3
341,Gansu,2020-02-04,57,0,4
342,Gansu,2020-02-05,62,0,6
343,Gansu,2020-02-06,62,0,6
344,Gansu,2020-02-07,67,0,9
345,Gansu,2020-02-08,79,1,12
346,Gansu,2020-02-09,83,2,16
347,Gansu,2020-02-10,83,2,17
348,Gansu,2020-02-11,86,2,24
349,Gansu,2020-02-12,87,2,31
350,Gansu,2020-02-13,90,2,39
351,Gansu,2020-02-14,90,2,39
352,Gansu,2020-02-15,90,2,49
353,Gansu,2020-02-16,90,2,54
354,Gansu,2020-02-17,91,2,58
355,Gansu,2020-02-18,91,2,62
356,Gansu,2020-02-19,91,2,65
357,Gansu,2020-02-20,91,2,71
358,Gansu,2020-02-21,91,2,76
359,Gansu,2020-02-22,91,2,76
360,Gansu,2020-02-23,91,2,78
361,Gansu,2020-02-24,91,2,80
362,Gansu,2020-02-25,91,2,80
363,Gansu,2020-02-26,91,2,81
364,Gansu,2020-02-27,91,2,81
365,Gansu,2020-02-28,91,2,82
366,Gansu,2020-02-29,91,2,82
367,Gansu,2020-03-01,91,2,84
368,Gansu,2020-03-02,91,2,85
369,Gansu,2020-03-03,91,2,86
370,Gansu,2020-03-04,91,2,87
371,Gansu,2020-03-05,102,2,87
372,Gansu,2020-03-06,119,2,87
373,Gansu,2020-03-07,120,2,87
374,Gansu,2020-03-08,124,2,87
375,Gansu,2020-03-09,124,2,88
376,Gansu,2020-03-10,125,2,88
377,Gansu,2020-03-11,127,2,88
378,Gansu,2020-03-12,127,2,88
379,Gansu,2020-03-13,127,2,88
380,Gansu,2020-03-14,129,2,89
381,Gansu,2020-03-15,133,2,91
382,Gansu,2020-03-16,133,2,91
383,Gansu,2020-03-17,133,2,91
384,Gansu,2020-03-18,133,2,91
385,Gansu,2020-03-19,134,2,91
386,Gansu,2020-03-20,134,2,98
387,Gansu,2020-03-21,134,2,113
388,Gansu,2020-03-22,136,2,114
389,Gansu,2020-03-23,136,2,114
390,Gansu,2020-03-24,136,2,119
391,Gansu,2020-03-25,136,2,119
392,Gansu,2020-03-26,136,2,121
393,Gansu,2020-03-27,136,2,123
394,Gansu,2020-03-28,136,2,125
395,Gansu,2020-03-29,138,2,125
396,Gansu,2020-03-30,138,2,125
397,Gansu,2020-03-31,138,2,125
398,Gansu,2020-04-01,138,2,127
399,Gansu,2020-04-02,138,2,127
400,Gansu,2020-04-03,138,2,127
401,Gansu,2020-04-04,138,2,131
402,Gansu,2020-04-05,138,2,131
403,Gansu,2020-04-06,139,2,132
404,Gansu,2020-04-07,139,2,132
405,Gansu,2020-04-08,139,2,133
406,Gansu,2020-04-09,139,2,135
407,Gansu,2020-04-10,139,2,135
408,Gansu,2020-04-11,139,2,135
409,Gansu,2020-04-12,139,2,135
410,Guangdong,2020-01-22,26,0,0
411,Guangdong,2020-01-23,32,0,2
412,Guangdong,2020-01-24,53,0,2
413,Guangdong,2020-01-25,78,0,2
414,Guangdong,2020-01-26,111,0,2
415,Guangdong,2020-01-27,151,0,4
416,Guangdong,2020-01-28,207,0,4
417,Guangdong,2020-01-29,277,0,5
418,Guangdong,2020-01-30,354,0,10
419,Guangdong,2020-01-31,436,0,11
420,Guangdong,2020-02-01,535,0,14
421,Guangdong,2020-02-02,632,0,15
422,Guangdong,2020-02-03,725,0,21
423,Guangdong,2020-02-04,813,0,30
424,Guangdong,2020-02-05,895,0,49
425,Guangdong,2020-02-06,970,0,69
426,Guangdong,2020-02-07,1034,1,88
427,Guangdong,2020-02-08,1095,1,112
428,Guangdong,2020-02-09,1131,1,141
429,Guangdong,2020-02-10,1159,1,167
430,Guangdong,2020-02-11,1177,1,212
431,Guangdong,2020-02-12,1219,1,275
432,Guangdong,2020-02-13,1241,2,314
433,Guangdong,2020-02-14,1261,2,362
434,Guangdong,2020-02-15,1294,2,410
435,Guangdong,2020-02-16,1316,2,465
436,Guangdong,2020-02-17,1322,4,524
437,Guangdong,2020-02-18,1328,4,565
438,Guangdong,2020-02-19,1331,5,606
439,Guangdong,2020-02-20,1332,5,642
440,Guangdong,2020-02-21,1333,5,690
441,Guangdong,2020-02-22,1339,5,728
442,Guangdong,2020-02-23,1342,6,755
443,Guangdong,2020-02-24,1345,6,786
444,Guangdong,2020-02-25,1347,7,822
445,Guangdong,2020-02-26,1347,7,851
446,Guangdong,2020-02-27,1347,7,890
447,Guangdong,2020-02-28,1348,7,935
448,Guangdong,2020-02-29,1349,7,983
449,Guangdong,2020-03-01,1349,7,1016
450,Guangdong,2020-03-02,1350,7,1059
451,Guangdong,2020-03-03,1350,7,1101
452,Guangdong,2020-03-04,1350,7,1133
453,Guangdong,2020-03-05,1351,7,1181
454,Guangdong,2020-03-06,1352,7,1216
455,Guangdong,2020-03-07,1352,7,1237
456,Guangdong,2020-03-08,1352,7,1256
457,Guangdong,2020-03-09,1352,8,1260
458,Guangdong,2020-03-10,1353,8,1274
459,Guangdong,2020-03-11,1356,8,1282
460,Guangdong,2020-03-12,1356,8,1289
461,Guangdong,2020-03-13,1356,8,1296
462,Guangdong,2020-03-14,1356,8,1299
463,Guangdong,2020-03-15,1360,8,1304
464,Guangdong,2020-03-16,1361,8,1306
465,Guangdong,2020-03-17,1364,8,1307
466,Guangdong,2020-03-18,1370,8,1313
467,Guangdong,2020-03-19,1378,8,1318
468,Guangdong,2020-03-20,1395,8,1323
469,Guangdong,2020-03-21,1400,8,1325
470,Guangdong,2020-03-22,1413,8,1329
471,Guangdong,2020-03-23,1415,8,1332
472,Guangdong,2020-03-24,1428,8,1333
473,Guangdong,2020-03-25,1433,8,1336
474,Guangdong,2020-03-26,1448,8,1336
475,Guangdong,2020-03-27,1456,8,1337
476,Guangdong,2020-03-28,1467,8,1341
477,Guangdong,2020-03-29,1475,8,1349
478,Guangdong,2020-03-30,1484,8,1351
479,Guangdong,2020-03-31,1494,8,1356
480,Guangdong,2020-04-01,1501,8,1357
481,Guangdong,2020-04-02,1507,8,1365
482,Guangdong,2020-04-03,1514,8,1368
483,Guangdong,2020-04-04,1516,8,1378
484,Guangdong,2020-04-05,1524,8,1387
485,Guangdong,2020-04-06,1532,8,1395
486,Guangdong,2020-04-07,1533,8,1401
487,Guangdong,2020-04-08,1536,8,1411
488,Guangdong,2020-04-09,1539,8,1423
489,Guangdong,2020-04-10,1544,8,1434
490,Guangdong,2020-04-11,1548,8,1437
491,Guangdong,2020-04-12,1552,8,1443
492,Guangxi,2020-01-22,2,0,0
493,Guangxi,2020-01-23,5,0,0
494,Guangxi,2020-01-24,23,0,0
495,Guangxi,2020-01-25,23,0,0
496,Guangxi,2020-01-26,36,0,0
497,Guangxi,2020-01-27,46,0,0
498,Guangxi,2020-01-28,51,0,2
499,Guangxi,2020-01-29,58,0,2
500,Guangxi,2020-01-30,78,0,2
501,Guangxi,2020-01-31,87,0,2
502,Guangxi,2020-02-01,100,0,2
503,Guangxi,2020-02-02,111,0,2
504,Guangxi,2020-02-03,127,0,7
505,Guangxi,2020-02-04,139,0,10
506,Guangxi,2020-02-05,150,0,13
507,Guangxi,2020-02-06,168,0,14
508,Guangxi,2020-02-07,172,0,17
509,Guangxi,2020-02-08,183,0,17
510,Guangxi,2020-02-09,195,1,18
511,Guangxi,2020-02-10,210,1,24
512,Guangxi,2020-02-11,215,1,33
513,Guangxi,2020-02-12,222,1,32
514,Guangxi,2020-02-13,222,2,33
515,Guangxi,2020-02-14,226,2,36
516,Guangxi,2020-02-15,235,2,44
517,Guangxi,2020-02-16,237,2,49
518,Guangxi,2020-02-17,238,2,53
519,Guangxi,2020-02-18,242,2,69
520,Guangxi,2020-02-19,244,2,86
521,Guangxi,2020-02-20,245,2,90
522,Guangxi,2020-02-21,246,2,97
523,Guangxi,2020-02-22,249,2,104
524,Guangxi,2020-02-23,249,2,106
525,Guangxi,2020-02-24,251,2,112
526,Guangxi,2020-02-25,252,2,134
527,Guangxi,2020-02-26,252,2,147
528,Guangxi,2020-02-27,252,2,161
529,Guangxi,2020-02-28,252,2,168
530,Guangxi,2020-02-29,252,2,176
531,Guangxi,2020-03-01,252,2,181
532,Guangxi,2020-03-02,252,2,192
533,Guangxi,2020-03-03,252,2,202
534,Guangxi,2020-03-04,252,2,210
535,Guangxi,2020-03-05,252,2,214
536,Guangxi,2020-03-06,252,2,217
537,Guangxi,2020-03-07,252,2,218
538,Guangxi,2020-03-08,252,2,223
539,Guangxi,2020-03-09,252,2,230
540,Guangxi,2020-03-10,252,2,234
541,Guangxi,2020-03-11,252,2,238
542,Guangxi,2020-03-12,252,2,241
543,Guangxi,2020-03-13,252,2,243
544,Guangxi,2020-03-14,252,2,243
545,Guangxi,2020-03-15,252,2,243
546,Guangxi,2020-03-16,252,2,248
547,Guangxi,2020-03-17,253,2,248
548,Guangxi,2020-03-18,253,2,250
549,Guangxi,2020-03-19,253,2,250
550,Guangxi,2020-03-20,254,2,250
551,Guangxi,2020-03-21,254,2,250
552,Guangxi,2020-03-22,254,2,250
553,Guangxi,2020-03-23,254,2,250
554,Guangxi,2020-03-24,254,2,250
555,Guangxi,2020-03-25,254,2,250
556,Guangxi,2020-03-26,254,2,250
557,Guangxi,2020-03-27,254,2,250
558,Guangxi,2020-03-28,254,2,250
559,Guangxi,2020-03-29,254,2,250
560,Guangxi,2020-03-30,254,2,250
561,Guangxi,2020-03-31,254,2,250
562,Guangxi,2020-04-01,254,2,250
563,Guangxi,2020-04-02,254,2,252
564,Guangxi,2020-04-03,254,2,252
565,Guangxi,2020-04-04,254,2,252
566,Guangxi,2020-04-05,254,2,252
567,Guangxi,2020-04-06,254,2,252
568,Guangxi,2020-04-07,254,2,252
569,Guangxi,2020-04-08,254,2,252
570,Guangxi,2020-04-09,254,2,252
571,Guangxi,2020-04-10,254,2,252
572,Guangxi,2020-04-11,254,2,252
573,Guangxi,2020-04-12,254,2,252
574,Guizhou,2020-01-22,1,0,0
575,Guizhou,2020-01-23,3,0,0
576,Guizhou,2020-01-24,3,0,0
577,Guizhou,2020-01-25,4,0,0
578,Guizhou,2020-01-26,5,0,0
579,Guizhou,2020-01-27,7,0,0
580,Guizhou,2020-01-28,9,0,0
581,Guizhou,2020-01-29,9,0,1
582,Guizhou,2020-01-30,12,0,1
583,Guizhou,2020-01-31,29,0,2
584,Guizhou,2020-02-01,29,0,2
585,Guizhou,2020-02-02,38,0,2
586,Guizhou,2020-02-03,46,0,2
587,Guizhou,2020-02-04,58,0,2
588,Guizhou,2020-02-05,64,1,9
589,Guizhou,2020-02-06,71,1,6
590,Guizhou,2020-02-07,81,1,6
591,Guizhou,2020-02-08,89,1,7
592,Guizhou,2020-02-09,99,1,7
593,Guizhou,2020-02-10,109,1,10
594,Guizhou,2020-02-11,127,1,17
595,Guizhou,2020-02-12,133,1,18
596,Guizhou,2020-02-13,135,1,27
597,Guizhou,2020-02-14,140,1,28
598,Guizhou,2020-02-15,143,1,41
599,Guizhou,2020-02-16,144,1,46
600,Guizhou,2020-02-17,146,1,57
601,Guizhou,2020-02-18,146,2,66
602,Guizhou,2020-02-19,146,2,70
603,Guizhou,2020-02-20,146,2,72
604,Guizhou,2020-02-21,146,2,77
605,Guizhou,2020-02-22,146,2,90
606,Guizhou,2020-02-23,146,2,102
607,Guizhou,2020-02-24,146,2,102
608,Guizhou,2020-02-25,146,2,104
609,Guizhou,2020-02-26,146,2,104
610,Guizhou,2020-02-27,146,2,112
611,Guizhou,2020-02-28,146,2,112
612,Guizhou,2020-02-29,146,2,112
613,Guizhou,2020-03-01,146,2,112
614,Guizhou,2020-03-02,146,2,114
615,Guizhou,2020-03-03,146,2,114
616,Guizhou,2020-03-04,146,2,114
617,Guizhou,2020-03-05,146,2,114
618,Guizhou,2020-03-06,146,2,114
619,Guizhou,2020-03-07,146,2,115
620,Guizhou,2020-03-08,146,2,117
621,Guizhou,2020-03-09,146,2,123
622,Guizhou,2020-03-10,146,2,129
623,Guizhou,2020-03-11,146,2,133
624,Guizhou,2020-03-12,146,2,137
625,Guizhou,2020-03-13,146,2,140
626,Guizhou,2020-03-14,146,2,143
627,Guizhou,2020-03-15,146,2,143
628,Guizhou,2020-03-16,146,2,144
629,Guizhou,2020-03-17,147,2,144
630,Guizhou,2020-03-18,146,2,144
631,Guizhou,2020-03-19,146,2,144
632,Guizhou,2020-03-20,146,2,144
633,Guizhou,2020-03-21,146,2,144
634,Guizhou,2020-03-22,146,2,144
635,Guizhou,2020-03-23,146,2,144
636,Guizhou,2020-03-24,146,2,144
637,Guizhou,2020-03-25,146,2,144
638,Guizhou,2020-03-26,146,2,144
639,Guizhou,2020-03-27,146,2,144
640,Guizhou,2020-03-28,146,2,144
641,Guizhou,2020-03-29,146,2,144
642,Guizhou,2020-03-30,146,2,144
643,Guizhou,2020-03-31,146,2,144
644,Guizhou,2020-04-01,146,2,144
645,Guizhou,2020-04-02,146,2,144
646,Guizhou,2020-04-03,146,2,144
647,Guizhou,2020-04-04,146,2,144
648,Guizhou,2020-04-05,146,2,144
649,Guizhou,2020-04-06,146,2,144
650,Guizhou,2020-04-07,146,2,144
651,Guizhou,2020-04-08,146,2,144
652,Guizhou,2020-04-09,146,2,144
653,Guizhou,2020-04-10,146,2,144
654,Guizhou,2020-04-11,146,2,144
655,Guizhou,2020-04-12,146,2,144
656,Hainan,2020-01-22,4,0,0
657,Hainan,2020-01-23,5,0,0
658,Hainan,2020-01-24,8,0,0
659,Hainan,2020-01-25,19,0,0
660,Hainan,2020-01-26,22,0,0
661,Hainan,2020-01-27,33,1,0
662,Hainan,2020-01-28,40,1,0
663,Hainan,2020-01-29,43,1,0
664,Hainan,2020-01-30,46,1,1
665,Hainan,2020-01-31,52,1,1
666,Hainan,2020-02-01,62,1,1
667,Hainan,2020-02-02,64,1,4
668,Hainan,2020-02-03,72,1,4
669,Hainan,2020-02-04,80,1,5
670,Hainan,2020-02-05,99,1,5
671,Hainan,2020-02-06,106,1,8
672,Hainan,2020-02-07,117,2,10
673,Hainan,2020-02-08,124,2,14
674,Hainan,2020-02-09,131,3,19
675,Hainan,2020-02-10,138,3,19
676,Hainan,2020-02-11,144,3,20
677,Hainan,2020-02-12,157,4,27
678,Hainan,2020-02-13,157,4,30
679,Hainan,2020-02-14,159,4,43
680,Hainan,2020-02-15,162,4,39
681,Hainan,2020-02-16,162,4,52
682,Hainan,2020-02-17,163,4,59
683,Hainan,2020-02-18,163,4,79
684,Hainan,2020-02-19,168,4,84
685,Hainan,2020-02-20,168,4,86
686,Hainan,2020-02-21,168,4,95
687,Hainan,2020-02-22,168,4,104
688,Hainan,2020-02-23,168,5,106
689,Hainan,2020-02-24,168,5,116
690,Hainan,2020-02-25,168,5,124
691,Hainan,2020-02-26,168,5,129
692,Hainan,2020-02-27,168,5,131
693,Hainan,2020-02-28,168,5,133
694,Hainan,2020-02-29,168,5,148
695,Hainan,2020-03-01,168,5,149
696,Hainan,2020-03-02,168,5,151
697,Hainan,2020-03-03,168,5,155
698,Hainan,2020-03-04,168,5,158
699,Hainan,2020-03-05,168,6,158
700,Hainan,2020-03-06,168,6,158
701,Hainan,2020-03-07,168,6,158
702,Hainan,2020-03-08,168,6,159
703,Hainan,2020-03-09,168,6,159
704,Hainan,2020-03-10,168,6,159
705,Hainan,2020-03-11,168,6,159
706,Hainan,2020-03-12,168,6,160
707,Hainan,2020-03-13,168,6,160
708,Hainan,2020-03-14,168,6,160
709,Hainan,2020-03-15,168,6,160
710,Hainan,2020-03-16,168,6,161
711,Hainan,2020-03-17,168,6,161
712,Hainan,2020-03-18,168,6,161
713,Hainan,2020-03-19,168,6,161
714,Hainan,2020-03-20,168,6,161
715,Hainan,2020-03-21,168,6,161
716,Hainan,2020-03-22,168,6,161
717,Hainan,2020-03-23,168,6,161
718,Hainan,2020-03-24,168,6,168
719,Hainan,2020-03-25,168,6,168
720,Hainan,2020-03-26,168,6,168
721,Hainan,2020-03-27,168,6,168
722,Hainan,2020-03-28,168,6,168
723,Hainan,2020-03-29,168,6,168
724,Hainan,2020-03-30,168,6,168
725,Hainan,2020-03-31,168,6,168
726,Hainan,2020-04-01,168,6,168
727,Hainan,2020-04-02,168,6,162
728,Hainan,2020-04-03,168,6,162
729,Hainan,2020-04-04,168,6,162
730,Hainan,2020-04-05,168,6,162
731,Hainan,2020-04-06,168,6,162
732,Hainan,2020-04-07,168,6,162
733,Hainan,2020-04-08,168,6,162
734,Hainan,2020-04-09,168,6,162
735,Hainan,2020-04-10,168,6,162
736,Hainan,2020-04-11,168,6,162
737,Hainan,2020-04-12,168,6,162
738,Hebei,2020-01-22,1,0,0
739,Hebei,2020-01-23,1,1,0
740,Hebei,2020-01-24,2,1,0
741,Hebei,2020-01-25,8,1,0
742,Hebei,2020-01-26,13,1,0
743,Hebei,2020-01-27,18,1,0
744,Hebei,2020-01-28,33,1,0
745,Hebei,2020-01-29,48,1,0
746,Hebei,2020-01-30,65,1,0
747,Hebei,2020-01-31,82,1,0
748,Hebei,2020-02-01,96,1,0
749,Hebei,2020-02-02,104,1,3
750,Hebei,2020-02-03,113,1,3
751,Hebei,2020-02-04,126,1,4
752,Hebei,2020-02-05,135,1,6
753,Hebei,2020-02-06,157,1,13
754,Hebei,2020-02-07,172,1,22
755,Hebei,2020-02-08,195,1,30
756,Hebei,2020-02-09,206,2,34
757,Hebei,2020-02-10,218,2,41
758,Hebei,2020-02-11,239,2,48
759,Hebei,2020-02-12,251,2,54
760,Hebei,2020-02-13,265,3,68
761,Hebei,2020-02-14,283,3,87
762,Hebei,2020-02-15,291,3,101
763,Hebei,2020-02-16,300,3,105
764,Hebei,2020-02-17,301,3,122
765,Hebei,2020-02-18,306,4,136
766,Hebei,2020-02-19,306,4,152
767,Hebei,2020-02-20,307,5,169
768,Hebei,2020-02-21,308,5,184
769,Hebei,2020-02-22,309,6,203
770,Hebei,2020-02-23,311,6,219
771,Hebei,2020-02-24,311,6,234
772,Hebei,2020-02-25,311,6,248
773,Hebei,2020-02-26,312,6,261
774,Hebei,2020-02-27,317,6,274
775,Hebei,2020-02-28,318,6,277
776,Hebei,2020-02-29,318,6,282
777,Hebei,2020-03-01,318,6,294
778,Hebei,2020-03-02,318,6,296
779,Hebei,2020-03-03,318,6,300
780,Hebei,2020-03-04,318,6,301
781,Hebei,2020-03-05,318,6,304
782,Hebei,2020-03-06,318,6,305
783,Hebei,2020-03-07,318,6,307
784,Hebei,2020-03-08,318,6,307
785,Hebei,2020-03-09,318,6,307
786,Hebei,2020-03-10,318,6,307
787,Hebei,2020-03-11,318,6,307
788,Hebei,2020-03-12,318,6,308
789,Hebei,2020-03-13,318,6,310
790,Hebei,2020-03-14,318,6,310
791,Hebei,2020-03-15,318,6,310
792,Hebei,2020-03-16,318,6,310
793,Hebei,2020-03-17,318,6,310
794,Hebei,2020-03-18,318,6,310
795,Hebei,2020-03-19,318,6,310
796,Hebei,2020-03-20,318,6,310
797,Hebei,2020-03-21,318,6,310
798,Hebei,2020-03-22,319,6,310
799,Hebei,2020-03-23,319,6,310
800,Hebei,2020-03-24,319,6,310
801,Hebei,2020-03-25,319,6,310
802,Hebei,2020-03-26,319,6,310
803,Hebei,2020-03-27,319,6,310
804,Hebei,2020-03-28,319,6,310
805,Hebei,2020-03-29,319,6,310
806,Hebei,2020-03-30,321,6,310
807,Hebei,2020-03-31,321,6,310
808,Hebei,2020-04-01,323,6,310
809,Hebei,2020-04-02,325,6,310
810,Hebei,2020-04-03,326,6,310
811,Hebei,2020-04-04,326,6,310
812,Hebei,2020-04-05,327,6,310
813,Hebei,2020-04-06,327,6,310
814,Hebei,2020-04-07,327,6,312
815,Hebei,2020-04-08,327,6,312
816,Hebei,2020-04-09,327,6,313
817,Hebei,2020-04-10,327,6,313
818,Hebei,2020-04-11,327,6,313
819,Hebei,2020-04-12,327,6,313
820,Heilongjiang,2020-01-22,0,0,0
821,Heilongjiang,2020-01-23,2,0,0
822,Heilongjiang,2020-01-24,4,1,0
823,Heilongjiang,2020-01-25,9,1,0
824,Heilongjiang,2020-01-26,15,1,0
825,Heilongjiang,2020-01-27,21,1,0
826,Heilongjiang,2020-01-28,33,1,0
827,Heilongjiang,2020-01-29,38,1,0
828,Heilongjiang,2020-01-30,44,2,0
829,Heilongjiang,2020-01-31,59,2,0
830,Heilongjiang,2020-02-01,80,2,2
831,Heilongjiang,2020-02-02,95,2,2
832,Heilongjiang,2020-02-03,121,2,2
833,Heilongjiang,2020-02-04,155,2,4
834,Heilongjiang,2020-02-05,190,2,7
835,Heilongjiang,2020-02-06,227,3,8
836,Heilongjiang,2020-02-07,277,3,12
837,Heilongjiang,2020-02-08,295,5,13
838,Heilongjiang,2020-02-09,307,6,14
839,Heilongjiang,2020-02-10,331,7,30
840,Heilongjiang,2020-02-11,360,8,28
841,Heilongjiang,2020-02-12,378,8,31
842,Heilongjiang,2020-02-13,395,9,33
843,Heilongjiang,2020-02-14,419,11,47
844,Heilongjiang,2020-02-15,425,11,68
845,Heilongjiang,2020-02-16,445,11,79
846,Heilongjiang,2020-02-17,457,11,85
847,Heilongjiang,2020-02-18,464,11,111
848,Heilongjiang,2020-02-19,470,12,120
849,Heilongjiang,2020-02-20,476,12,136
850,Heilongjiang,2020-02-21,479,12,175
851,Heilongjiang,2020-02-22,479,12,204
852,Heilongjiang,2020-02-23,480,12,222
853,Heilongjiang,2020-02-24,480,12,227
854,Heilongjiang,2020-02-25,480,12,243
855,Heilongjiang,2020-02-26,480,12,249
856,Heilongjiang,2020-02-27,480,13,270
857,Heilongjiang,2020-02-28,480,13,283
858,Heilongjiang,2020-02-29,480,13,301
859,Heilongjiang,2020-03-01,480,13,342
860,Heilongjiang,2020-03-02,480,13,356
861,Heilongjiang,2020-03-03,480,13,366
862,Heilongjiang,2020-03-04,480,13,373
863,Heilongjiang,2020-03-05,481,13,379
864,Heilongjiang,2020-03-06,481,13,396
865,Heilongjiang,2020-03-07,481,13,403
866,Heilongjiang,2020-03-08,481,13,412
867,Heilongjiang,2020-03-09,481,13,430
868,Heilongjiang,2020-03-10,481,13,434
869,Heilongjiang,2020-03-11,482,13,436
870,Heilongjiang,2020-03-12,482,13,441
871,Heilongjiang,2020-03-13,482,13,446
872,Heilongjiang,2020-03-14,482,13,447
873,Heilongjiang,2020-03-15,482,13,453
874,Heilongjiang,2020-03-16,482,13,455
875,Heilongjiang,2020-03-17,482,13,456
876,Heilongjiang,2020-03-18,482,13,459
877,Heilongjiang,2020-03-19,483,13,460
878,Heilongjiang,2020-03-20,484,13,463
879,Heilongjiang,2020-03-21,484,13,463
880,Heilongjiang,2020-03-22,484,13,466
881,Heilongjiang,2020-03-23,484,13,465
882,Heilongjiang,2020-03-24,484,13,468
883,Heilongjiang,2020-03-25,484,13,468
884,Heilongjiang,2020-03-26,484,13,469
885,Heilongjiang,2020-03-27,484,13,469
886,Heilongjiang,2020-03-28,484,13,469
887,Heilongjiang,2020-03-29,484,13,469
888,Heilongjiang,2020-03-30,484,13,469
889,Heilongjiang,2020-03-31,484,13,469
890,Heilongjiang,2020-04-01,484,13,469
891,Heilongjiang,2020-04-02,488,13,469
892,Heilongjiang,2020-04-03,489,13,469
893,Heilongjiang,2020-04-04,491,13,469
894,Heilongjiang,2020-04-05,504,13,469
895,Heilongjiang,2020-04-06,524,13,469
896,Heilongjiang,2020-04-07,544,13,469
897,Heilongjiang,2020-04-08,569,13,470
898,Heilongjiang,2020-04-09,609,13,470
899,Heilongjiang,2020-04-10,638,13,470
900,Heilongjiang,2020-04-11,661,13,470
901,Heilongjiang,2020-04-12,684,13,470
902,Henan,2020-01-22,5,0,0
903,Henan,2020-01-23,5,0,0
904,Henan,2020-01-24,9,0,0
905,Henan,2020-01-25,32,0,0
906,Henan,2020-01-26,83,1,0
907,Henan,2020-01-27,128,1,0
908,Henan,2020-01-28,168,1,0
909,Henan,2020-01-29,206,2,1
910,Henan,2020-01-30,278,2,2
911,Henan,2020-01-31,352,2,3
912,Henan,2020-02-01,422,2,3
913,Henan,2020-02-02,493,2,10
914,Henan,2020-02-03,566,2,16
915,Henan,2020-02-04,675,2,27
916,Henan,2020-02-05,764,2,47
917,Henan,2020-02-06,851,2,56
918,Henan,2020-02-07,914,3,86
919,Henan,2020-02-08,981,4,116
920,Henan,2020-02-09,1033,6,153
921,Henan,2020-02-10,1073,6,191
922,Henan,2020-02-11,1105,7,218
923,Henan,2020-02-12,1135,8,246
924,Henan,2020-02-13,1169,10,296
925,Henan,2020-02-14,1184,11,357
926,Henan,2020-02-15,1212,13,391
927,Henan,2020-02-16,1231,13,440
928,Henan,2020-02-17,1246,16,509
929,Henan,2020-02-18,1257,19,522
930,Henan,2020-02-19,1262,19,573
931,Henan,2020-02-20,1265,19,637
932,Henan,2020-02-21,1267,19,736
933,Henan,2020-02-22,1270,19,830
934,Henan,2020-02-23,1271,19,868
935,Henan,2020-02-24,1271,19,943
936,Henan,2020-02-25,1271,19,1002
937,Henan,2020-02-26,1271,19,1033
938,Henan,2020-02-27,1272,20,1068
939,Henan,2020-02-28,1272,20,1112
940,Henan,2020-02-29,1272,21,1170
941,Henan,2020-03-01,1272,22,1198
942,Henan,2020-03-02,1272,22,1205
943,Henan,2020-03-03,1272,22,1231
944,Henan,2020-03-04,1272,22,1234
945,Henan,2020-03-05,1272,22,1239
946,Henan,2020-03-06,1272,22,1244
947,Henan,2020-03-07,1272,22,1244
948,Henan,2020-03-08,1272,22,1247
949,Henan,2020-03-09,1272,22,1247
950,Henan,2020-03-10,1272,22,1247
951,Henan,2020-03-11,1273,22,1249
952,Henan,2020-03-12,1273,22,1249
953,Henan,2020-03-13,1273,22,1249
954,Henan,2020-03-14,1273,22,1250
955,Henan,2020-03-15,1273,22,1250
956,Henan,2020-03-16,1273,22,1250
957,Henan,2020-03-17,1273,22,1250
958,Henan,2020-03-18,1273,22,1250
959,Henan,2020-03-19,1273,22,1250
960,Henan,2020-03-20,1273,22,1250
961,Henan,2020-03-21,1273,22,1250
962,Henan,2020-03-22,1274,22,1250
963,Henan,2020-03-23,1274,22,1250
964,Henan,2020-03-24,1274,22,1250
965,Henan,2020-03-25,1274,22,1250
966,Henan,2020-03-26,1275,22,1250
967,Henan,2020-03-27,1275,22,1250
968,Henan,2020-03-28,1275,22,1251
969,Henan,2020-03-29,1276,22,1251
970,Henan,2020-03-30,1276,22,1251
971,Henan,2020-03-31,1276,22,1251
972,Henan,2020-04-01,1276,22,1251
973,Henan,2020-04-02,1276,22,1251
974,Henan,2020-04-03,1276,22,1251
975,Henan,2020-04-04,1276,22,1251
976,Henan,2020-04-05,1276,22,1251
977,Henan,2020-04-06,1276,22,1252
978,Henan,2020-04-07,1276,22,1252
979,Henan,2020-04-08,1276,22,1252
980,Henan,2020-04-09,1276,22,1252
981,Henan,2020-04-10,1276,22,1252
982,Henan,2020-04-11,1276,22,1252
983,Henan,2020-04-12,1276,22,1253
984,Hong Kong,2020-01-22,0,0,0
985,Hong Kong,2020-01-23,2,0,0
986,Hong Kong,2020-01-24,2,0,0
987,Hong Kong,2020-01-25,5,0,0
988,Hong Kong,2020-01-26,8,0,0
989,Hong Kong,2020-01-27,8,0,0
990,Hong Kong,2020-01-28,8,0,0
991,Hong Kong,2020-01-29,10,0,0
992,Hong Kong,2020-01-30,10,0,0
993,Hong Kong,2020-01-31,12,0,0
994,Hong Kong,2020-02-01,13,0,0
995,Hong Kong,2020-02-02,15,0,0
996,Hong Kong,2020-02-03,15,0,0
997,Hong Kong,2020-02-04,17,1,0
998,Hong Kong,2020-02-05,21,1,0
999,Hong Kong,2020-02-06,24,1,0
1000,Hong Kong,2020-02-07,25,1,0
1001,Hong Kong,2020-02-08,26,1,0
1002,Hong Kong,2020-02-09,29,1,0
1003,Hong Kong,2020-02-10,38,1,0
1004,Hong Kong,2020-02-11,49,1,0
1005,Hong Kong,2020-02-12,50,1,1
1006,Hong Kong,2020-02-13,53,1,1
1007,Hong Kong,2020-02-14,56,1,1
1008,Hong Kong,2020-02-15,56,1,1
1009,Hong Kong,2020-02-16,57,1,2
1010,Hong Kong,2020-02-17,60,1,2
1011,Hong Kong,2020-02-18,62,1,2
1012,Hong Kong,2020-02-19,63,2,5
1013,Hong Kong,2020-02-20,68,2,6
1014,Hong Kong,2020-02-21,68,2,5
1015,Hong Kong,2020-02-22,69,2,6
1016,Hong Kong,2020-02-23,74,2,11
1017,Hong Kong,2020-02-24,79,2,19
1018,Hong Kong,2020-02-25,84,2,19
1019,Hong Kong,2020-02-26,91,2,24
1020,Hong Kong,2020-02-27,92,2,24
1021,Hong Kong,2020-02-28,94,2,30
1022,Hong Kong,2020-02-29,95,2,33
1023,Hong Kong,2020-03-01,96,2,36
1024,Hong Kong,2020-03-02,100,2,36
1025,Hong Kong,2020-03-03,100,2,37
1026,Hong Kong,2020-03-04,105,2,37
1027,Hong Kong,2020-03-05,105,2,43
1028,Hong Kong,2020-03-06,107,2,46
1029,Hong Kong,2020-03-07,108,2,51
1030,Hong Kong,2020-03-08,114,3,58
1031,Hong Kong,2020-03-09,115,3,59
1032,Hong Kong,2020-03-10,120,3,65
1033,Hong Kong,2020-03-11,126,3,65
1034,Hong Kong,2020-03-12,129,3,67
1035,Hong Kong,2020-03-13,134,4,77
1036,Hong Kong,2020-03-14,140,4,78
1037,Hong Kong,2020-03-15,145,4,81
1038,Hong Kong,2020-03-16,155,4,84
1039,Hong Kong,2020-03-17,162,4,88
1040,Hong Kong,2020-03-18,181,4,92
1041,Hong Kong,2020-03-19,208,4,95
1042,Hong Kong,2020-03-20,256,4,98
1043,Hong Kong,2020-03-21,273,4,98
1044,Hong Kong,2020-03-22,317,4,100
1045,Hong Kong,2020-03-23,356,4,100
1046,Hong Kong,2020-03-24,386,4,101
1047,Hong Kong,2020-03-25,410,4,102
1048,Hong Kong,2020-03-26,453,4,110
1049,Hong Kong,2020-03-27,519,4,110
1050,Hong Kong,2020-03-28,561,4,112
1051,Hong Kong,2020-03-29,641,4,112
1052,Hong Kong,2020-03-30,682,4,123
1053,Hong Kong,2020-03-31,714,4,128
1054,Hong Kong,2020-04-01,765,4,147
1055,Hong Kong,2020-04-02,802,4,147
1056,Hong Kong,2020-04-03,845,4,173
1057,Hong Kong,2020-04-04,862,4,173
1058,Hong Kong,2020-04-05,890,4,206
1059,Hong Kong,2020-04-06,914,4,216
1060,Hong Kong,2020-04-07,935,4,216
1061,Hong Kong,2020-04-08,960,4,264
1062,Hong Kong,2020-04-09,973,4,293
1063,Hong Kong,2020-04-10,989,4,309
1064,Hong Kong,2020-04-11,1000,4,336
1065,Hong Kong,2020-04-12,1004,4,360
1066,Hubei,2020-01-22,444,17,28
1067,Hubei,2020-01-23,444,17,28
1068,Hubei,2020-01-24,549,24,31
1069,Hubei,2020-01-25,761,40,32
1070,Hubei,2020-01-26,1058,52,42
1071,Hubei,2020-01-27,1423,76,45
1072,Hubei,2020-01-28,3554,125,80
1073,Hubei,2020-01-29,3554,125,88
1074,Hubei,2020-01-30,4903,162,90
1075,Hubei,2020-01-31,5806,204,141
1076,Hubei,2020-02-01,7153,249,168
1077,Hubei,2020-02-02,11177,350,295
1078,Hubei,2020-02-03,13522,414,386
1079,Hubei,2020-02-04,16678,479,522
1080,Hubei,2020-02-05,19665,549,633
1081,Hubei,2020-02-06,22112,618,817
1082,Hubei,2020-02-07,24953,699,1115
1083,Hubei,2020-02-08,27100,780,1439
1084,Hubei,2020-02-09,29631,871,1795
1085,Hubei,2020-02-10,31728,974,2222
1086,Hubei,2020-02-11,33366,1068,2639
1087,Hubei,2020-02-12,34874,1068,2686
1088,Hubei,2020-02-13,48206,1310,3459
1089,Hubei,2020-02-14,54406,1457,4774
1090,Hubei,2020-02-15,56249,1596,5623
1091,Hubei,2020-02-16,58182,1696,6639
1092,Hubei,2020-02-17,59989,1789,7862
1093,Hubei,2020-02-18,61682,1921,9128
1094,Hubei,2020-02-19,62031,2029,10337
1095,Hubei,2020-02-20,62442,2144,11788
1096,Hubei,2020-02-21,62662,2144,11881
1097,Hubei,2020-02-22,64084,2346,15299
1098,Hubei,2020-02-23,64084,2346,15343
1099,Hubei,2020-02-24,64287,2495,16748
1100,Hubei,2020-02-25,64786,2563,18971
1101,Hubei,2020-02-26,65187,2615,20969
1102,Hubei,2020-02-27,65596,2641,23383
1103,Hubei,2020-02-28,65914,2682,26403
1104,Hubei,2020-02-29,66337,2727,28993
1105,Hubei,2020-03-01,66907,2761,31536
1106,Hubei,2020-03-02,67103,2803,33934
1107,Hubei,2020-03-03,67217,2835,36208
1108,Hubei,2020-03-04,67332,2871,38557
1109,Hubei,2020-03-05,67466,2902,40592
1110,Hubei,2020-03-06,67592,2931,42033
1111,Hubei,2020-03-07,67666,2959,43500
1112,Hubei,2020-03-08,67707,2986,45235
1113,Hubei,2020-03-09,67743,3008,46488
1114,Hubei,2020-03-10,67760,3024,47743
1115,Hubei,2020-03-11,67773,3046,49134
1116,Hubei,2020-03-12,67781,3056,50318
1117,Hubei,2020-03-13,67786,3062,51553
1118,Hubei,2020-03-14,67790,3075,52960
1119,Hubei,2020-03-15,67794,3085,54288
1120,Hubei,2020-03-16,67798,3099,55142
1121,Hubei,2020-03-17,67799,3111,56003
1122,Hubei,2020-03-18,67800,3122,56927
1123,Hubei,2020-03-19,67800,3130,57682
1124,Hubei,2020-03-20,67800,3133,58382
1125,Hubei,2020-03-21,67800,3139,58946
1126,Hubei,2020-03-22,67800,3153,59433
1127,Hubei,2020-03-23,67800,3153,59879
1128,Hubei,2020-03-24,67801,3160,60324
1129,Hubei,2020-03-25,67801,3163,60811
1130,Hubei,2020-03-26,67801,3169,61201
1131,Hubei,2020-03-27,67801,3174,61732
1132,Hubei,2020-03-28,67801,3177,62098
1133,Hubei,2020-03-29,67801,3182,62570
1134,Hubei,2020-03-30,67801,3186,62889
1135,Hubei,2020-03-31,67801,3187,63153
1136,Hubei,2020-04-01,67802,3193,63326
1137,Hubei,2020-04-02,67802,3199,63471
1138,Hubei,2020-04-03,67802,3203,63612
1139,Hubei,2020-04-04,67803,3207,63762
1140,Hubei,2020-04-05,67803,3210,63945
1141,Hubei,2020-04-06,67803,3212,64014
1142,Hubei,2020-04-07,67803,3212,64073
1143,Hubei,2020-04-08,67803,3213,64142
1144,Hubei,2020-04-09,67803,3215,64187
1145,Hubei,2020-04-10,67803,3216,64236
1146,Hubei,2020-04-11,67803,3219,64264
1147,Hubei,2020-04-12,67803,3219,64281
1148,Hunan,2020-01-22,4,0,0
1149,Hunan,2020-01-23,9,0,0
1150,Hunan,2020-01-24,24,0,0
1151,Hunan,2020-01-25,43,0,0
1152,Hunan,2020-01-26,69,0,0
1153,Hunan,2020-01-27,100,0,0
1154,Hunan,2020-01-28,143,0,0
1155,Hunan,2020-01-29,221,0,0
1156,Hunan,2020-01-30,277,0,2
1157,Hunan,2020-01-31,332,0,2
1158,Hunan,2020-02-01,389,0,8
1159,Hunan,2020-02-02,463,0,16
1160,Hunan,2020-02-03,521,0,22
1161,Hunan,2020-02-04,593,0,31
1162,Hunan,2020-02-05,661,0,54
1163,Hunan,2020-02-06,711,0,81
1164,Hunan,2020-02-07,772,0,112
1165,Hunan,2020-02-08,803,1,156
1166,Hunan,2020-02-09,838,1,186
1167,Hunan,2020-02-10,879,1,208
1168,Hunan,2020-02-11,912,1,247
1169,Hunan,2020-02-12,946,2,304
1170,Hunan,2020-02-13,968,2,339
1171,Hunan,2020-02-14,988,2,364
1172,Hunan,2020-02-15,1001,2,425
1173,Hunan,2020-02-16,1004,3,464
1174,Hunan,2020-02-17,1006,3,498
1175,Hunan,2020-02-18,1007,4,527
1176,Hunan,2020-02-19,1008,4,561
1177,Hunan,2020-02-20,1010,4,634
1178,Hunan,2020-02-21,1011,4,661
1179,Hunan,2020-02-22,1013,4,692
1180,Hunan,2020-02-23,1016,4,714
1181,Hunan,2020-02-24,1016,4,731
1182,Hunan,2020-02-25,1016,4,768
1183,Hunan,2020-02-26,1016,4,783
1184,Hunan,2020-02-27,1017,4,804
1185,Hunan,2020-02-28,1017,4,830
1186,Hunan,2020-02-29,1018,4,846
1187,Hunan,2020-03-01,1018,4,866
1188,Hunan,2020-03-02,1018,4,887
1189,Hunan,2020-03-03,1018,4,906
1190,Hunan,2020-03-04,1018,4,916
1191,Hunan,2020-03-05,1018,4,938
1192,Hunan,2020-03-06,1018,4,955
1193,Hunan,2020-03-07,1018,4,960
1194,Hunan,2020-03-08,1018,4,968
1195,Hunan,2020-03-09,1018,4,979
1196,Hunan,2020-03-10,1018,4,990
1197,Hunan,2020-03-11,1018,4,995
1198,Hunan,2020-03-12,1018,4,999
1199,Hunan,2020-03-13,1018,4,1005
1200,Hunan,2020-03-14,1018,4,1014
1201,Hunan,2020-03-15,1018,4,1014
1202,Hunan,2020-03-16,1018,4,1014
1203,Hunan,2020-03-17,1018,4,1014
1204,Hunan,2020-03-18,1018,4,1014
1205,Hunan,2020-03-19,1018,4,1014
1206,Hunan,2020-03-20,1018,4,1014
1207,Hunan,2020-03-21,1018,4,1014
1208,Hunan,2020-03-22,1018,4,1014
1209,Hunan,2020-03-23,1018,4,1014
1210,Hunan,2020-03-24,1018,4,1014
1211,Hunan,2020-03-25,1018,4,1014
1212,Hunan,2020-03-26,1018,4,1014
1213,Hunan,2020-03-27,1018,4,1014
1214,Hunan,2020-03-28,1018,4,1014
1215,Hunan,2020-03-29,1018,4,1014
1216,Hunan,2020-03-30,1018,4,1014
1217,Hunan,2020-03-31,1018,4,1014
1218,Hunan,2020-04-01,1018,4,1014
1219,Hunan,2020-04-02,1019,4,1014
1220,Hunan,2020-04-03,1019,4,1014
1221,Hunan,2020-04-04,1019,4,1014
1222,Hunan,2020-04-05,1019,4,1014
1223,Hunan,2020-04-06,1019,4,1014
1224,Hunan,2020-04-07,1019,4,1014
1225,Hunan,2020-04-08,1019,4,1014
1226,Hunan,2020-04-09,1019,4,1014
1227,Hunan,2020-04-10,1019,4,1014
1228,Hunan,2020-04-11,1019,4,1014
1229,Hunan,2020-04-12,1019,4,1014
1230,Inner Mongolia,2020-01-22,0,0,0
1231,Inner Mongolia,2020-01-23,0,0,0
1232,Inner Mongolia,2020-01-24,1,0,0
1233,Inner Mongolia,2020-01-25,7,0,0
1234,Inner Mongolia,2020-01-26,7,0,0
1235,Inner Mongolia,2020-01-27,11,0,0
1236,Inner Mongolia,2020-01-28,15,0,0
1237,Inner Mongolia,2020-01-29,16,0,0
1238,Inner Mongolia,2020-01-30,19,0,0
1239,Inner Mongolia,2020-01-31,20,0,1
1240,Inner Mongolia,2020-02-01,23,0,1
1241,Inner Mongolia,2020-02-02,27,0,1
1242,Inner Mongolia,2020-02-03,34,0,1
1243,Inner Mongolia,2020-02-04,35,0,1
1244,Inner Mongolia,2020-02-05,42,0,3
1245,Inner Mongolia,2020-02-06,46,0,4
1246,Inner Mongolia,2020-02-07,50,0,5
1247,Inner Mongolia,2020-02-08,52,0,5
1248,Inner Mongolia,2020-02-09,54,0,5
1249,Inner Mongolia,2020-02-10,58,0,5
1250,Inner Mongolia,2020-02-11,58,0,5
1251,Inner Mongolia,2020-02-12,60,0,6
1252,Inner Mongolia,2020-02-13,61,0,6
1253,Inner Mongolia,2020-02-14,65,0,6
1254,Inner Mongolia,2020-02-15,68,0,7
1255,Inner Mongolia,2020-02-16,70,0,8
1256,Inner Mongolia,2020-02-17,72,0,8
1257,Inner Mongolia,2020-02-18,73,0,8
1258,Inner Mongolia,2020-02-19,75,0,10
1259,Inner Mongolia,2020-02-20,75,0,16
1260,Inner Mongolia,2020-02-21,75,0,17
1261,Inner Mongolia,2020-02-22,75,0,26
1262,Inner Mongolia,2020-02-23,75,0,27
1263,Inner Mongolia,2020-02-24,75,0,34
1264,Inner Mongolia,2020-02-25,75,0,35
1265,Inner Mongolia,2020-02-26,75,0,38
1266,Inner Mongolia,2020-02-27,75,0,43
1267,Inner Mongolia,2020-02-28,75,0,45
1268,Inner Mongolia,2020-02-29,75,0,49
1269,Inner Mongolia,2020-03-01,75,0,52
1270,Inner Mongolia,2020-03-02,75,0,54
1271,Inner Mongolia,2020-03-03,75,1,59
1272,Inner Mongolia,2020-03-04,75,1,63
1273,Inner Mongolia,2020-03-05,75,1,65
1274,Inner Mongolia,2020-03-06,75,1,65
1275,Inner Mongolia,2020-03-07,75,1,67
1276,Inner Mongolia,2020-03-08,75,1,70
1277,Inner Mongolia,2020-03-09,75,1,70
1278,Inner Mongolia,2020-03-10,75,1,70
1279,Inner Mongolia,2020-03-11,75,1,71
1280,Inner Mongolia,2020-03-12,75,1,71
1281,Inner Mongolia,2020-03-13,75,1,71
1282,Inner Mongolia,2020-03-14,75,1,71
1283,Inner Mongolia,2020-03-15,75,1,71
1284,Inner Mongolia,2020-03-16,75,1,73
1285,Inner Mongolia,2020-03-17,75,1,73
1286,Inner Mongolia,2020-03-18,75,1,73
1287,Inner Mongolia,2020-03-19,75,1,74
1288,Inner Mongolia,2020-03-20,75,1,74
1289,Inner Mongolia,2020-03-21,75,1,74
1290,Inner Mongolia,2020-03-22,75,1,74
1291,Inner Mongolia,2020-03-23,75,1,74
1292,Inner Mongolia,2020-03-24,75,1,74
1293,Inner Mongolia,2020-03-25,77,1,74
1294,Inner Mongolia,2020-03-26,89,1,74
1295,Inner Mongolia,2020-03-27,92,1,74
1296,Inner Mongolia,2020-03-28,94,1,74
1297,Inner Mongolia,2020-03-29,95,1,74
1298,Inner Mongolia,2020-03-30,97,1,74
1299,Inner Mongolia,2020-03-31,107,1,74
1300,Inner Mongolia,2020-04-01,111,1,74
1301,Inner Mongolia,2020-04-02,117,1,74
1302,Inner Mongolia,2020-04-03,117,1,74
1303,Inner Mongolia,2020-04-04,117,1,74
1304,Inner Mongolia,2020-04-05,117,1,74
1305,Inner Mongolia,2020-04-06,118,1,74
1306,Inner Mongolia,2020-04-07,121,1,74
1307,Inner Mongolia,2020-04-08,124,1,74
1308,Inner Mongolia,2020-04-09,126,1,79
1309,Inner Mongolia,2020-04-10,128,1,79
1310,Inner Mongolia,2020-04-11,155,1,79
1311,Inner Mongolia,2020-04-12,189,1,83
1312,Jiangsu,2020-01-22,1,0,0
1313,Jiangsu,2020-01-23,5,0,0
1314,Jiangsu,2020-01-24,9,0,0
1315,Jiangsu,2020-01-25,18,0,1
1316,Jiangsu,2020-01-26,33,0,1
1317,Jiangsu,2020-01-27,47,0,1
1318,Jiangsu,2020-01-28,70,0,1
1319,Jiangsu,2020-01-29,99,0,1
1320,Jiangsu,2020-01-30,129,0,1
1321,Jiangsu,2020-01-31,168,0,5
1322,Jiangsu,2020-02-01,202,0,6
1323,Jiangsu,2020-02-02,236,0,7
1324,Jiangsu,2020-02-03,271,0,8
1325,Jiangsu,2020-02-04,308,0,12
1326,Jiangsu,2020-02-05,341,0,23
1327,Jiangsu,2020-02-06,373,0,34
1328,Jiangsu,2020-02-07,408,0,43
1329,Jiangsu,2020-02-08,439,0,51
1330,Jiangsu,2020-02-09,468,0,71
1331,Jiangsu,2020-02-10,492,0,81
1332,Jiangsu,2020-02-11,515,0,93
1333,Jiangsu,2020-02-12,543,0,125
1334,Jiangsu,2020-02-13,570,0,139
1335,Jiangsu,2020-02-14,593,0,157
1336,Jiangsu,2020-02-15,604,0,186
1337,Jiangsu,2020-02-16,617,0,218
1338,Jiangsu,2020-02-17,626,0,258
1339,Jiangsu,2020-02-18,629,0,280
1340,Jiangsu,2020-02-19,631,0,318
1341,Jiangsu,2020-02-20,631,0,356
1342,Jiangsu,2020-02-21,631,0,373
1343,Jiangsu,2020-02-22,631,0,401
1344,Jiangsu,2020-02-23,631,0,418
1345,Jiangsu,2020-02-24,631,0,452
1346,Jiangsu,2020-02-25,631,0,458
1347,Jiangsu,2020-02-26,631,0,478
1348,Jiangsu,2020-02-27,631,0,498
1349,Jiangsu,2020-02-28,631,0,515
1350,Jiangsu,2020-02-29,631,0,523
1351,Jiangsu,2020-03-01,631,0,536
1352,Jiangsu,2020-03-02,631,0,543
1353,Jiangsu,2020-03-03,631,0,562
1354,Jiangsu,2020-03-04,631,0,577
1355,Jiangsu,2020-03-05,631,0,583
1356,Jiangsu,2020-03-06,631,0,594
1357,Jiangsu,2020-03-07,631,0,606
1358,Jiangsu,2020-03-08,631,0,612
1359,Jiangsu,2020-03-09,631,0,621
1360,Jiangsu,2020-03-10,631,0,627
1361,Jiangsu,2020-03-11,631,0,627
1362,Jiangsu,2020-03-12,631,0,629
1363,Jiangsu,2020-03-13,631,0,630
1364,Jiangsu,2020-03-14,631,0,630
1365,Jiangsu,2020-03-15,631,0,631
1366,Jiangsu,2020-03-16,631,0,631
1367,Jiangsu,2020-03-17,631,0,631
1368,Jiangsu,2020-03-18,631,0,631
1369,Jiangsu,2020-03-19,631,0,631
1370,Jiangsu,2020-03-20,631,0,631
1371,Jiangsu,2020-03-21,631,0,631
1372,Jiangsu,2020-03-22,633,0,631
1373,Jiangsu,2020-03-23,633,0,631
1374,Jiangsu,2020-03-24,636,0,631
1375,Jiangsu,2020-03-25,638,0,631
1376,Jiangsu,2020-03-26,640,0,631
1377,Jiangsu,2020-03-27,641,0,631
1378,Jiangsu,2020-03-28,641,0,631
1379,Jiangsu,2020-03-29,644,0,631
1380,Jiangsu,2020-03-30,645,0,631
1381,Jiangsu,2020-03-31,646,0,631
1382,Jiangsu,2020-04-01,646,0,631
1383,Jiangsu,2020-04-02,647,0,631
1384,Jiangsu,2020-04-03,651,0,632
1385,Jiangsu,2020-04-04,651,0,632
1386,Jiangsu,2020-04-05,651,0,633
1387,Jiangsu,2020-04-06,651,0,633
1388,Jiangsu,2020-04-07,651,0,633
1389,Jiangsu,2020-04-08,651,0,633
1390,Jiangsu,2020-04-09,651,0,633
1391,Jiangsu,2020-04-10,651,0,634
1392,Jiangsu,2020-04-11,652,0,636
1393,Jiangsu,2020-04-12,653,0,638
1394,Jiangxi,2020-01-22,2,0,0
1395,Jiangxi,2020-01-23,7,0,0
1396,Jiangxi,2020-01-24,18,0,0
1397,Jiangxi,2020-01-25,18,0,0
1398,Jiangxi,2020-01-26,36,0,0
1399,Jiangxi,2020-01-27,72,0,2
1400,Jiangxi,2020-01-28,109,0,3
1401,Jiangxi,2020-01-29,109,0,3
1402,Jiangxi,2020-01-30,162,0,5
1403,Jiangxi,2020-01-31,240,0,7
1404,Jiangxi,2020-02-01,286,0,9
1405,Jiangxi,2020-02-02,333,0,12
1406,Jiangxi,2020-02-03,391,0,18
1407,Jiangxi,2020-02-04,476,0,20
1408,Jiangxi,2020-02-05,548,0,27
1409,Jiangxi,2020-02-06,600,0,37
1410,Jiangxi,2020-02-07,661,0,45
1411,Jiangxi,2020-02-08,698,0,55
1412,Jiangxi,2020-02-09,740,0,73
1413,Jiangxi,2020-02-10,771,1,105
1414,Jiangxi,2020-02-11,804,1,128
1415,Jiangxi,2020-02-12,844,1,152
1416,Jiangxi,2020-02-13,872,1,170
1417,Jiangxi,2020-02-14,900,1,187
1418,Jiangxi,2020-02-15,913,1,210
1419,Jiangxi,2020-02-16,925,1,240
1420,Jiangxi,2020-02-17,930,1,275
1421,Jiangxi,2020-02-18,933,1,310
1422,Jiangxi,2020-02-19,934,1,362
1423,Jiangxi,2020-02-20,934,1,433
1424,Jiangxi,2020-02-21,934,1,489
1425,Jiangxi,2020-02-22,934,1,555
1426,Jiangxi,2020-02-23,934,1,613
1427,Jiangxi,2020-02-24,934,1,645
1428,Jiangxi,2020-02-25,934,1,683
1429,Jiangxi,2020-02-26,934,1,719
1430,Jiangxi,2020-02-27,934,1,754
1431,Jiangxi,2020-02-28,935,1,790
1432,Jiangxi,2020-02-29,935,1,811
1433,Jiangxi,2020-03-01,935,1,831
1434,Jiangxi,2020-03-02,935,1,850
1435,Jiangxi,2020-03-03,935,1,870
1436,Jiangxi,2020-03-04,935,1,884
1437,Jiangxi,2020-03-05,935,1,901
1438,Jiangxi,2020-03-06,935,1,909
1439,Jiangxi,2020-03-07,935,1,916
1440,Jiangxi,2020-03-08,935,1,919
1441,Jiangxi,2020-03-09,935,1,923
1442,Jiangxi,2020-03-10,935,1,927
1443,Jiangxi,2020-03-11,935,1,932
1444,Jiangxi,2020-03-12,935,1,934
1445,Jiangxi,2020-03-13,935,1,934
1446,Jiangxi,2020-03-14,935,1,934
1447,Jiangxi,2020-03-15,935,1,934
1448,Jiangxi,2020-03-16,935,1,934
1449,Jiangxi,2020-03-17,935,1,934
1450,Jiangxi,2020-03-18,935,1,934
1451,Jiangxi,2020-03-19,935,1,934
1452,Jiangxi,2020-03-20,935,1,934
1453,Jiangxi,2020-03-21,935,1,934
1454,Jiangxi,2020-03-22,936,1,934
1455,Jiangxi,2020-03-23,936,1,934
1456,Jiangxi,2020-03-24,936,1,934
1457,Jiangxi,2020-03-25,936,1,934
1458,Jiangxi,2020-03-26,936,1,934
1459,Jiangxi,2020-03-27,936,1,934
1460,Jiangxi,2020-03-28,936,1,934
1461,Jiangxi,2020-03-29,937,1,934
1462,Jiangxi,2020-03-30,937,1,935
1463,Jiangxi,2020-03-31,937,1,935
1464,Jiangxi,2020-04-01,937,1,935
1465,Jiangxi,2020-04-02,937,1,935
1466,Jiangxi,2020-04-03,937,1,935
1467,Jiangxi,2020-04-04,937,1,935
1468,Jiangxi,2020-04-05,937,1,935
1469,Jiangxi,2020-04-06,937,1,935
1470,Jiangxi,2020-04-07,937,1,935
1471,Jiangxi,2020-04-08,937,1,935
1472,Jiangxi,2020-04-09,937,1,935
1473,Jiangxi,2020-04-10,937,1,936
1474,Jiangxi,2020-04-11,937,1,936
1475,Jiangxi,2020-04-12,937,1,936
1476,Jilin,2020-01-22,0,0,0
1477,Jilin,2020-01-23,1,0,0
1478,Jilin,2020-01-24,3,0,0
1479,Jilin,2020-01-25,4,0,0
1480,Jilin,2020-01-26,4,0,0
1481,Jilin,2020-01-27,6,0,0
1482,Jilin,2020-01-28,8,0,0
1483,Jilin,2020-01-29,9,0,0
1484,Jilin,2020-01-30,14,0,1
1485,Jilin,2020-01-31,14,0,1
1486,Jilin,2020-02-01,17,0,1
1487,Jilin,2020-02-02,23,0,1
1488,Jilin,2020-02-03,31,0,1
1489,Jilin,2020-02-04,42,0,1
1490,Jilin,2020-02-05,54,0,2
1491,Jilin,2020-02-06,59,0,4
1492,Jilin,2020-02-07,65,1,4
1493,Jilin,2020-02-08,69,1,4
1494,Jilin,2020-02-09,78,1,12
1495,Jilin,2020-02-10,80,1,13
1496,Jilin,2020-02-11,81,1,18
1497,Jilin,2020-02-12,83,1,22
1498,Jilin,2020-02-13,84,1,24
1499,Jilin,2020-02-14,86,1,25
1500,Jilin,2020-02-15,88,1,26
1501,Jilin,2020-02-16,89,1,30
1502,Jilin,2020-02-17,89,1,34
1503,Jilin,2020-02-18,89,1,36
1504,Jilin,2020-02-19,90,1,37
1505,Jilin,2020-02-20,91,1,43
1506,Jilin,2020-02-21,91,1,45
1507,Jilin,2020-02-22,91,1,52
1508,Jilin,2020-02-23,91,1,54
1509,Jilin,2020-02-24,93,1,60
1510,Jilin,2020-02-25,93,1,63
1511,Jilin,2020-02-26,93,1,65
1512,Jilin,2020-02-27,93,1,67
1513,Jilin,2020-02-28,93,1,73
1514,Jilin,2020-02-29,93,1,75
1515,Jilin,2020-03-01,93,1,78
1516,Jilin,2020-03-02,93,1,83
1517,Jilin,2020-03-03,93,1,83
1518,Jilin,2020-03-04,93,1,86
1519,Jilin,2020-03-05,93,1,88
1520,Jilin,2020-03-06,93,1,90
1521,Jilin,2020-03-07,93,1,90
1522,Jilin,2020-03-08,93,1,90
1523,Jilin,2020-03-09,93,1,91
1524,Jilin,2020-03-10,93,1,91
1525,Jilin,2020-03-11,93,1,91
1526,Jilin,2020-03-12,93,1,91
1527,Jilin,2020-03-13,93,1,91
1528,Jilin,2020-03-14,93,1,91
1529,Jilin,2020-03-15,93,1,91
1530,Jilin,2020-03-16,93,1,92
1531,Jilin,2020-03-17,93,1,92
1532,Jilin,2020-03-18,93,1,92
1533,Jilin,2020-03-19,93,1,92
1534,Jilin,2020-03-20,93,1,92
1535,Jilin,2020-03-21,93,1,92
1536,Jilin,2020-03-22,93,1,92
1537,Jilin,2020-03-23,93,1,92
1538,Jilin,2020-03-24,93,1,92
1539,Jilin,2020-03-25,94,1,92
1540,Jilin,2020-03-26,95,1,92
1541,Jilin,2020-03-27,95,1,92
1542,Jilin,2020-03-28,97,1,92
1543,Jilin,2020-03-29,98,1,92
1544,Jilin,2020-03-30,98,1,92
1545,Jilin,2020-03-31,98,1,92
1546,Jilin,2020-04-01,98,1,92
1547,Jilin,2020-04-02,98,1,92
1548,Jilin,2020-04-03,98,1,92
1549,Jilin,2020-04-04,98,1,92
1550,Jilin,2020-04-05,98,1,92
1551,Jilin,2020-04-06,98,1,92
1552,Jilin,2020-04-07,98,1,92
1553,Jilin,2020-04-08,98,1,93
1554,Jilin,2020-04-09,98,1,93
1555,Jilin,2020-04-10,98,1,95
1556,Jilin,2020-04-11,98,1,96
1557,Jilin,2020-04-12,99,1,96
1558,Liaoning,2020-01-22,2,0,0
1559,Liaoning,2020-01-23,3,0,0
1560,Liaoning,2020-01-24,4,0,0
1561,Liaoning,2020-01-25,17,0,0
1562,Liaoning,2020-01-26,21,0,0
1563,Liaoning,2020-01-27,27,0,0
1564,Liaoning,2020-01-28,34,0,0
1565,Liaoning,2020-01-29,39,0,1
1566,Liaoning,2020-01-30,41,0,1
1567,Liaoning,2020-01-31,48,0,1
1568,Liaoning,2020-02-01,64,0,1
1569,Liaoning,2020-02-02,70,0,1
1570,Liaoning,2020-02-03,74,0,1
1571,Liaoning,2020-02-04,81,0,2
1572,Liaoning,2020-02-05,89,0,4
1573,Liaoning,2020-02-06,94,0,5
1574,Liaoning,2020-02-07,99,0,7
1575,Liaoning,2020-02-08,105,0,8
1576,Liaoning,2020-02-09,107,0,12
1577,Liaoning,2020-02-10,108,0,13
1578,Liaoning,2020-02-11,111,0,19
1579,Liaoning,2020-02-12,116,1,20
1580,Liaoning,2020-02-13,117,1,22
1581,Liaoning,2020-02-14,119,1,29
1582,Liaoning,2020-02-15,119,1,31
1583,Liaoning,2020-02-16,121,1,40
1584,Liaoning,2020-02-17,121,1,43
1585,Liaoning,2020-02-18,121,1,53
1586,Liaoning,2020-02-19,121,1,55
1587,Liaoning,2020-02-20,121,1,59
1588,Liaoning,2020-02-21,121,1,61
1589,Liaoning,2020-02-22,121,1,66
1590,Liaoning,2020-02-23,121,1,73
1591,Liaoning,2020-02-24,121,1,80
1592,Liaoning,2020-02-25,121,1,83
1593,Liaoning,2020-02-26,121,1,88
1594,Liaoning,2020-02-27,121,1,93
1595,Liaoning,2020-02-28,121,1,93
1596,Liaoning,2020-02-29,121,1,96
1597,Liaoning,2020-03-01,122,1,103
1598,Liaoning,2020-03-02,122,1,103
1599,Liaoning,2020-03-03,125,1,106
1600,Liaoning,2020-03-04,125,1,106
1601,Liaoning,2020-03-05,125,1,106
1602,Liaoning,2020-03-06,125,1,106
1603,Liaoning,2020-03-07,125,1,107
1604,Liaoning,2020-03-08,125,1,109
1605,Liaoning,2020-03-09,125,1,109
1606,Liaoning,2020-03-10,125,1,111
1607,Liaoning,2020-03-11,125,1,111
1608,Liaoning,2020-03-12,125,1,112
1609,Liaoning,2020-03-13,125,1,112
1610,Liaoning,2020-03-14,125,1,113
1611,Liaoning,2020-03-15,125,1,114
1612,Liaoning,2020-03-16,125,1,115
1613,Liaoning,2020-03-17,125,1,120
1614,Liaoning,2020-03-18,125,1,122
1615,Liaoning,2020-03-19,125,1,122
1616,Liaoning,2020-03-20,126,2,122
1617,Liaoning,2020-03-21,126,2,122
1618,Liaoning,2020-03-22,127,2,124
1619,Liaoning,2020-03-23,127,2,124
1620,Liaoning,2020-03-24,127,2,124
1621,Liaoning,2020-03-25,127,2,124
1622,Liaoning,2020-03-26,128,2,124
1623,Liaoning,2020-03-27,128,2,124
1624,Liaoning,2020-03-28,132,2,124
1625,Liaoning,2020-03-29,134,2,124
1626,Liaoning,2020-03-30,136,2,124
1627,Liaoning,2020-03-31,139,2,124
1628,Liaoning,2020-04-01,140,2,124
1629,Liaoning,2020-04-02,141,2,124
1630,Liaoning,2020-04-03,141,2,124
1631,Liaoning,2020-04-04,141,2,125
1632,Liaoning,2020-04-05,142,2,126
1633,Liaoning,2020-04-06,142,2,128
1634,Liaoning,2020-04-07,144,2,130
1635,Liaoning,2020-04-08,144,2,131
1636,Liaoning,2020-04-09,144,2,132
1637,Liaoning,2020-04-10,144,2,132
1638,Liaoning,2020-04-11,145,2,133
1639,Liaoning,2020-04-12,145,2,136
1640,Macau,2020-01-22,1,0,0
1641,Macau,2020-01-23,2,0,0
1642,Macau,2020-01-24,2,0,0
1643,Macau,2020-01-25,2,0,0
1644,Macau,2020-01-26,5,0,0
1645,Macau,2020-01-27,6,0,0
1646,Macau,2020-01-28,7,0,0
1647,Macau,2020-01-29,7,0,0
1648,Macau,2020-01-30,7,0,0
1649,Macau,2020-01-31,7,0,0
1650,Macau,2020-02-01,7,0,0
1651,Macau,2020-02-02,8,0,0
1652,Macau,2020-02-03,8,0,0
1653,Macau,2020-02-04,10,0,0
1654,Macau,2020-02-05,10,0,0
1655,Macau,2020-02-06,10,0,1
1656,Macau,2020-02-07,10,0,1
1657,Macau,2020-02-08,10,0,1
1658,Macau,2020-02-09,10,0,1
1659,Macau,2020-02-10,10,0,1
1660,Macau,2020-02-11,10,0,1
1661,Macau,2020-02-12,10,0,2
1662,Macau,2020-02-13,10,0,3
1663,Macau,2020-02-14,10,0,3
1664,Macau,2020-02-15,10,0,3
1665,Macau,2020-02-16,10,0,5
1666,Macau,2020-02-17,10,0,5
1667,Macau,2020-02-18,10,0,5
1668,Macau,2020-02-19,10,0,5
1669,Macau,2020-02-20,10,0,6
1670,Macau,2020-02-21,10,0,6
1671,Macau,2020-02-22,10,0,6
1672,Macau,2020-02-23,10,0,6
1673,Macau,2020-02-24,10,0,6
1674,Macau,2020-02-25,10,0,7
1675,Macau,2020-02-26,10,0,7
1676,Macau,2020-02-27,10,0,8
1677,Macau,2020-02-28,10,0,8
1678,Macau,2020-02-29,10,0,8
1679,Macau,2020-03-01,10,0,8
1680,Macau,2020-03-02,10,0,8
1681,Macau,2020-03-03,10,0,9
1682,Macau,2020-03-04,10,0,9
1683,Macau,2020-03-05,10,0,9
1684,Macau,2020-03-06,10,0,10
1685,Macau,2020-03-07,10,0,10
1686,Macau,2020-03-08,10,0,10
1687,Macau,2020-03-09,10,0,10
1688,Macau,2020-03-10,10,0,10
1689,Macau,2020-03-11,10,0,10
1690,Macau,2020-03-12,10,0,10
1691,Macau,2020-03-13,10,0,10
1692,Macau,2020-03-14,10,0,10
1693,Macau,2020-03-15,10,0,10
1694,Macau,2020-03-16,11,0,10
1695,Macau,2020-03-17,12,0,10
1696,Macau,2020-03-18,15,0,10
1697,Macau,2020-03-19,17,0,10
1698,Macau,2020-03-20,17,0,10
1699,Macau,2020-03-21,18,0,10
1700,Macau,2020-03-22,24,0,10
1701,Macau,2020-03-23,24,0,10
1702,Macau,2020-03-24,25,0,10
1703,Macau,2020-03-25,30,0,10
1704,Macau,2020-03-26,31,0,10
1705,Macau,2020-03-27,33,0,10
1706,Macau,2020-03-28,37,0,10
1707,Macau,2020-03-29,37,0,10
1708,Macau,2020-03-30,38,0,10
1709,Macau,2020-03-31,41,0,10
1710,Macau,2020-04-01,41,0,10
1711,Macau,2020-04-02,41,0,10
1712,Macau,2020-04-03,43,0,10
1713,Macau,2020-04-04,43,0,10
1714,Macau,2020-04-05,44,0,10
1715,Macau,2020-04-06,44,0,10
1716,Macau,2020-04-07,44,0,10
1717,Macau,2020-04-08,45,0,10
1718,Macau,2020-04-09,45,0,10
1719,Macau,2020-04-10,45,0,10
1720,Macau,2020-04-11,45,0,10
1721,Macau,2020-04-12,45,0,13
1722,Ningxia,2020-01-22,1,0,0
1723,Ningxia,2020-01-23,1,0,0
1724,Ningxia,2020-01-24,2,0,0
1725,Ningxia,2020-01-25,3,0,0
1726,Ningxia,2020-01-26,4,0,0
1727,Ningxia,2020-01-27,7,0,0
1728,Ningxia,2020-01-28,11,0,0
1729,Ningxia,2020-01-29,12,0,0
1730,Ningxia,2020-01-30,17,0,0
1731,Ningxia,2020-01-31,21,0,0
1732,Ningxia,2020-02-01,26,0,0
1733,Ningxia,2020-02-02,28,0,0
1734,Ningxia,2020-02-03,31,0,1
1735,Ningxia,2020-02-04,34,0,1
1736,Ningxia,2020-02-05,34,0,1
1737,Ningxia,2020-02-06,40,0,1
1738,Ningxia,2020-02-07,43,0,5
1739,Ningxia,2020-02-08,45,0,15
1740,Ningxia,2020-02-09,45,0,13
1741,Ningxia,2020-02-10,49,0,13
1742,Ningxia,2020-02-11,53,0,22
1743,Ningxia,2020-02-12,58,0,24
1744,Ningxia,2020-02-13,64,0,24
1745,Ningxia,2020-02-14,67,0,24
1746,Ningxia,2020-02-15,70,0,33
1747,Ningxia,2020-02-16,70,0,33
1748,Ningxia,2020-02-17,70,0,35
1749,Ningxia,2020-02-18,70,0,42
1750,Ningxia,2020-02-19,71,0,42
1751,Ningxia,2020-02-20,71,0,44
1752,Ningxia,2020-02-21,71,0,48
1753,Ningxia,2020-02-22,71,0,48
1754,Ningxia,2020-02-23,71,0,56
1755,Ningxia,2020-02-24,71,0,58
1756,Ningxia,2020-02-25,71,0,61
1757,Ningxia,2020-02-26,71,0,65
1758,Ningxia,2020-02-27,72,0,68
1759,Ningxia,2020-02-28,72,0,68
1760,Ningxia,2020-02-29,73,0,69
1761,Ningxia,2020-03-01,73,0,69
1762,Ningxia,2020-03-02,74,0,69
1763,Ningxia,2020-03-03,74,0,69
1764,Ningxia,2020-03-04,75,0,69
1765,Ningxia,2020-03-05,75,0,69
1766,Ningxia,2020-03-06,75,0,71
1767,Ningxia,2020-03-07,75,0,71
1768,Ningxia,2020-03-08,75,0,71
1769,Ningxia,2020-03-09,75,0,71
1770,Ningxia,2020-03-10,75,0,71
1771,Ningxia,2020-03-11,75,0,72
1772,Ningxia,2020-03-12,75,0,72
1773,Ningxia,2020-03-13,75,0,72
1774,Ningxia,2020-03-14,75,0,73
1775,Ningxia,2020-03-15,75,0,73
1776,Ningxia,2020-03-16,75,0,75
1777,Ningxia,2020-03-17,75,0,75
1778,Ningxia,2020-03-18,75,0,75
1779,Ningxia,2020-03-19,75,0,75
1780,Ningxia,2020-03-20,75,0,75
1781,Ningxia,2020-03-21,75,0,75
1782,Ningxia,2020-03-22,75,0,75
1783,Ningxia,2020-03-23,75,0,75
1784,Ningxia,2020-03-24,75,0,75
1785,Ningxia,2020-03-25,75,0,75
1786,Ningxia,2020-03-26,75,0,75
1787,Ningxia,2020-03-27,75,0,75
1788,Ningxia,2020-03-28,75,0,75
1789,Ningxia,2020-03-29,75,0,75
1790,Ningxia,2020-03-30,75,0,75
1791,Ningxia,2020-03-31,75,0,75
1792,Ningxia,2020-04-01,75,0,75
1793,Ningxia,2020-04-02,75,0,75
1794,Ningxia,2020-04-03,75,0,75
1795,Ningxia,2020-04-04,75,0,75
1796,Ningxia,2020-04-05,75,0,75
1797,Ningxia,2020-04-06,75,0,75
1798,Ningxia,2020-04-07,75,0,75
1799,Ningxia,2020-04-08,75,0,75
1800,Ningxia,2020-04-09,75,0,75
1801,Ningxia,2020-04-10,75,0,75
1802,Ningxia,2020-04-11,75,0,75
1803,Ningxia,2020-04-12,75,0,75
1804,Qinghai,2020-01-22,0,0,0
1805,Qinghai,2020-01-23,0,0,0
1806,Qinghai,2020-01-24,0,0,0
1807,Qinghai,2020-01-25,1,0,0
1808,Qinghai,2020-01-26,1,0,0
1809,Qinghai,2020-01-27,6,0,0
1810,Qinghai,2020-01-28,6,0,0
1811,Qinghai,2020-01-29,6,0,0
1812,Qinghai,2020-01-30,8,0,0
1813,Qinghai,2020-01-31,8,0,0
1814,Qinghai,2020-02-01,9,0,0
1815,Qinghai,2020-02-02,11,0,0
1816,Qinghai,2020-02-03,13,0,0
1817,Qinghai,2020-02-04,15,0,0
1818,Qinghai,2020-02-05,17,0,3
1819,Qinghai,2020-02-06,18,0,3
1820,Qinghai,2020-02-07,18,0,3
1821,Qinghai,2020-02-08,18,0,3
1822,Qinghai,2020-02-09,18,0,3
1823,Qinghai,2020-02-10,18,0,3
1824,Qinghai,2020-02-11,18,0,5
1825,Qinghai,2020-02-12,18,0,9
1826,Qinghai,2020-02-13,18,0,11
1827,Qinghai,2020-02-14,18,0,11
1828,Qinghai,2020-02-15,18,0,13
1829,Qinghai,2020-02-16,18,0,13
1830,Qinghai,2020-02-17,18,0,13
1831,Qinghai,2020-02-18,18,0,15
1832,Qinghai,2020-02-19,18,0,16
1833,Qinghai,2020-02-20,18,0,16
1834,Qinghai,2020-02-21,18,0,18
1835,Qinghai,2020-02-22,18,0,18
1836,Qinghai,2020-02-23,18,0,18
1837,Qinghai,2020-02-24,18,0,18
1838,Qinghai,2020-02-25,18,0,18
1839,Qinghai,2020-02-26,18,0,18
1840,Qinghai,2020-02-27,18,0,18
1841,Qinghai,2020-02-28,18,0,18
1842,Qinghai,2020-02-29,18,0,18
1843,Qinghai,2020-03-01,18,0,18
1844,Qinghai,2020-03-02,18,0,18
1845,Qinghai,2020-03-03,18,0,18
1846,Qinghai,2020-03-04,18,0,18
1847,Qinghai,2020-03-05,18,0,18
1848,Qinghai,2020-03-06,18,0,18
1849,Qinghai,2020-03-07,18,0,18
1850,Qinghai,2020-03-08,18,0,18
1851,Qinghai,2020-03-09,18,0,18
1852,Qinghai,2020-03-10,18,0,18
1853,Qinghai,2020-03-11,18,0,18
1854,Qinghai,2020-03-12,18,0,18
1855,Qinghai,2020-03-13,18,0,18
1856,Qinghai,2020-03-14,18,0,18
1857,Qinghai,2020-03-15,18,0,18
1858,Qinghai,2020-03-16,18,0,18
1859,Qinghai,2020-03-17,18,0,18
1860,Qinghai,2020-03-18,18,0,18
1861,Qinghai,2020-03-19,18,0,18
1862,Qinghai,2020-03-20,18,0,18
1863,Qinghai,2020-03-21,18,0,18
1864,Qinghai,2020-03-22,18,0,18
1865,Qinghai,2020-03-23,18,0,18
1866,Qinghai,2020-03-24,18,0,18
1867,Qinghai,2020-03-25,18,0,18
1868,Qinghai,2020-03-26,18,0,18
1869,Qinghai,2020-03-27,18,0,18
1870,Qinghai,2020-03-28,18,0,18
1871,Qinghai,2020-03-29,18,0,18
1872,Qinghai,2020-03-30,18,0,18
1873,Qinghai,2020-03-31,18,0,18
1874,Qinghai,2020-04-01,18,0,18
1875,Qinghai,2020-04-02,18,0,18
1876,Qinghai,2020-04-03,18,0,18
1877,Qinghai,2020-04-04,18,0,18
1878,Qinghai,2020-04-05,18,0,18
1879,Qinghai,2020-04-06,18,0,18
1880,Qinghai,2020-04-07,18,0,18
1881,Qinghai,2020-04-08,18,0,18
1882,Qinghai,2020-04-09,18,0,18
1883,Qinghai,2020-04-10,18,0,18
1884,Qinghai,2020-04-11,18,0,18
1885,Qinghai,2020-04-12,18,0,18
1886,Shaanxi,2020-01-22,0,0,0
1887,Shaanxi,2020-01-23,3,0,0
1888,Shaanxi,2020-01-24,5,0,0
1889,Shaanxi,2020-01-25,15,0,0
1890,Shaanxi,2020-01-26,22,0,0
1891,Shaanxi,2020-01-27,35,0,0
1892,Shaanxi,2020-01-28,46,0,0
1893,Shaanxi,2020-01-29,56,0,0
1894,Shaanxi,2020-01-30,63,0,0
1895,Shaanxi,2020-01-31,87,0,0
1896,Shaanxi,2020-02-01,101,0,0
1897,Shaanxi,2020-02-02,116,0,0
1898,Shaanxi,2020-02-03,128,0,0
1899,Shaanxi,2020-02-04,142,0,2
1900,Shaanxi,2020-02-05,165,0,6
1901,Shaanxi,2020-02-06,173,0,9
1902,Shaanxi,2020-02-07,184,0,17
1903,Shaanxi,2020-02-08,195,0,20
1904,Shaanxi,2020-02-09,208,0,25
1905,Shaanxi,2020-02-10,213,0,30
1906,Shaanxi,2020-02-11,219,0,32
1907,Shaanxi,2020-02-12,225,0,43
1908,Shaanxi,2020-02-13,229,0,46
1909,Shaanxi,2020-02-14,230,0,54
1910,Shaanxi,2020-02-15,232,0,60
1911,Shaanxi,2020-02-16,236,0,71
1912,Shaanxi,2020-02-17,240,0,79
1913,Shaanxi,2020-02-18,240,0,89
1914,Shaanxi,2020-02-19,242,0,102
1915,Shaanxi,2020-02-20,245,1,118
1916,Shaanxi,2020-02-21,245,1,134
1917,Shaanxi,2020-02-22,245,1,149
1918,Shaanxi,2020-02-23,245,1,163
1919,Shaanxi,2020-02-24,245,1,173
1920,Shaanxi,2020-02-25,245,1,186
1921,Shaanxi,2020-02-26,245,1,192
1922,Shaanxi,2020-02-27,245,1,195
1923,Shaanxi,2020-02-28,245,1,199
1924,Shaanxi,2020-02-29,245,1,207
1925,Shaanxi,2020-03-01,245,1,208
1926,Shaanxi,2020-03-02,245,1,216
1927,Shaanxi,2020-03-03,245,1,216
1928,Shaanxi,2020-03-04,245,1,223
1929,Shaanxi,2020-03-05,245,1,224
1930,Shaanxi,2020-03-06,245,1,226
1931,Shaanxi,2020-03-07,245,1,226
1932,Shaanxi,2020-03-08,245,1,227
1933,Shaanxi,2020-03-09,245,1,227
1934,Shaanxi,2020-03-10,245,1,227
1935,Shaanxi,2020-03-11,245,1,232
1936,Shaanxi,2020-03-12,245,2,232
1937,Shaanxi,2020-03-13,245,2,232
1938,Shaanxi,2020-03-14,245,2,232
1939,Shaanxi,2020-03-15,245,2,232
1940,Shaanxi,2020-03-16,245,2,233
1941,Shaanxi,2020-03-17,246,3,236
1942,Shaanxi,2020-03-18,246,3,237
1943,Shaanxi,2020-03-19,246,3,237
1944,Shaanxi,2020-03-20,247,3,237
1945,Shaanxi,2020-03-21,248,3,239
1946,Shaanxi,2020-03-22,248,3,239
1947,Shaanxi,2020-03-23,248,3,239
1948,Shaanxi,2020-03-24,249,3,240
1949,Shaanxi,2020-03-25,250,3,240
1950,Shaanxi,2020-03-26,253,3,242
1951,Shaanxi,2020-03-27,253,3,242
1952,Shaanxi,2020-03-28,253,3,242
1953,Shaanxi,2020-03-29,253,3,242
1954,Shaanxi,2020-03-30,253,3,242
1955,Shaanxi,2020-03-31,253,3,242
1956,Shaanxi,2020-04-01,255,3,242
1957,Shaanxi,2020-04-02,255,3,242
1958,Shaanxi,2020-04-03,255,3,244
1959,Shaanxi,2020-04-04,256,3,245
1960,Shaanxi,2020-04-05,256,3,245
1961,Shaanxi,2020-04-06,256,3,246
1962,Shaanxi,2020-04-07,256,3,246
1963,Shaanxi,2020-04-08,256,3,246
1964,Shaanxi,2020-04-09,256,3,246
1965,Shaanxi,2020-04-10,256,3,246
1966,Shaanxi,2020-04-11,256,3,248
1967,Shaanxi,2020-04-12,256,3,248
1968,Shandong,2020-01-22,2,0,0
1969,Shandong,2020-01-23,6,0,0
1970,Shandong,2020-01-24,15,0,0
1971,Shandong,2020-01-25,27,0,0
1972,Shandong,2020-01-26,46,0,0
1973,Shandong,2020-01-27,75,0,0
1974,Shandong,2020-01-28,95,0,0
1975,Shandong,2020-01-29,130,0,1
1976,Shandong,2020-01-30,158,0,1
1977,Shandong,2020-01-31,184,0,2
1978,Shandong,2020-02-01,206,0,3
1979,Shandong,2020-02-02,230,0,6
1980,Shandong,2020-02-03,259,0,7
1981,Shandong,2020-02-04,275,0,11
1982,Shandong,2020-02-05,307,0,15
1983,Shandong,2020-02-06,347,0,27
1984,Shandong,2020-02-07,386,0,37
1985,Shandong,2020-02-08,416,0,44
1986,Shandong,2020-02-09,444,1,63
1987,Shandong,2020-02-10,466,1,66
1988,Shandong,2020-02-11,487,1,80
1989,Shandong,2020-02-12,497,2,92
1990,Shandong,2020-02-13,509,2,105
1991,Shandong,2020-02-14,523,2,136
1992,Shandong,2020-02-15,532,2,156
1993,Shandong,2020-02-16,537,2,173
1994,Shandong,2020-02-17,541,2,191
1995,Shandong,2020-02-18,543,3,211
1996,Shandong,2020-02-19,544,3,231
1997,Shandong,2020-02-20,546,4,254
1998,Shandong,2020-02-21,749,4,281
1999,Shandong,2020-02-22,750,4,302
2000,Shandong,2020-02-23,754,4,321
2001,Shandong,2020-02-24,755,5,343
2002,Shandong,2020-02-25,756,6,355
2003,Shandong,2020-02-26,756,6,377
2004,Shandong,2020-02-27,756,6,387
2005,Shandong,2020-02-28,756,6,405
2006,Shandong,2020-02-29,756,6,421
2007,Shandong,2020-03-01,758,6,443
2008,Shandong,2020-03-02,758,6,460
2009,Shandong,2020-03-03,758,6,511
2010,Shandong,2020-03-04,758,6,516
2011,Shandong,2020-03-05,758,6,578
2012,Shandong,2020-03-06,758,6,618
2013,Shandong,2020-03-07,758,6,627
2014,Shandong,2020-03-08,758,6,642
2015,Shandong,2020-03-09,758,6,700
2016,Shandong,2020-03-10,758,6,719
2017,Shandong,2020-03-11,760,6,726
2018,Shandong,2020-03-12,760,6,734
2019,Shandong,2020-03-13,760,7,739
2020,Shandong,2020-03-14,760,7,741
2021,Shandong,2020-03-15,760,7,741
2022,Shandong,2020-03-16,760,7,746
2023,Shandong,2020-03-17,761,7,746
2024,Shandong,2020-03-18,761,7,746
2025,Shandong,2020-03-19,761,7,747
2026,Shandong,2020-03-20,762,7,748
2027,Shandong,2020-03-21,764,7,749
2028,Shandong,2020-03-22,767,7,750
2029,Shandong,2020-03-23,768,7,751
2030,Shandong,2020-03-24,768,7,752
2031,Shandong,2020-03-25,769,7,752
2032,Shandong,2020-03-26,771,7,752
2033,Shandong,2020-03-27,772,7,752
2034,Shandong,2020-03-28,772,7,752
2035,Shandong,2020-03-29,772,7,752
2036,Shandong,2020-03-30,773,7,753
2037,Shandong,2020-03-31,774,7,753
2038,Shandong,2020-04-01,774,7,753
2039,Shandong,2020-04-02,775,7,753
2040,Shandong,2020-04-03,778,7,754
2041,Shandong,2020-04-04,778,7,755
2042,Shandong,2020-04-05,779,7,755
2043,Shandong,2020-04-06,780,7,755
2044,Shandong,2020-04-07,781,7,755
2045,Shandong,2020-04-08,783,7,755
2046,Shandong,2020-04-09,783,7,756
2047,Shandong,2020-04-10,783,7,756
2048,Shandong,2020-04-11,784,7,757
2049,Shandong,2020-04-12,784,7,757
2050,Shanghai,2020-01-22,9,0,0
2051,Shanghai,2020-01-23,16,0,0
2052,Shanghai,2020-01-24,20,0,1
2053,Shanghai,2020-01-25,33,0,1
2054,Shanghai,2020-01-26,40,1,1
2055,Shanghai,2020-01-27,53,1,3
2056,Shanghai,2020-01-28,66,1,4
2057,Shanghai,2020-01-29,96,1,5
2058,Shanghai,2020-01-30,112,1,5
2059,Shanghai,2020-01-31,135,1,9
2060,Shanghai,2020-02-01,169,1,10
2061,Shanghai,2020-02-02,182,1,10
2062,Shanghai,2020-02-03,203,1,10
2063,Shanghai,2020-02-04,219,1,12
2064,Shanghai,2020-02-05,243,1,15
2065,Shanghai,2020-02-06,257,1,25
2066,Shanghai,2020-02-07,277,1,30
2067,Shanghai,2020-02-08,286,1,41
2068,Shanghai,2020-02-09,293,1,44
2069,Shanghai,2020-02-10,299,1,48
2070,Shanghai,2020-02-11,303,1,52
2071,Shanghai,2020-02-12,311,1,57
2072,Shanghai,2020-02-13,315,1,62
2073,Shanghai,2020-02-14,318,1,90
2074,Shanghai,2020-02-15,326,1,124
2075,Shanghai,2020-02-16,328,1,140
2076,Shanghai,2020-02-17,333,1,161
2077,Shanghai,2020-02-18,333,1,177
2078,Shanghai,2020-02-19,333,2,186
2079,Shanghai,2020-02-20,334,2,199
2080,Shanghai,2020-02-21,334,2,211
2081,Shanghai,2020-02-22,335,3,227
2082,Shanghai,2020-02-23,335,3,249
2083,Shanghai,2020-02-24,335,3,261
2084,Shanghai,2020-02-25,336,3,268
2085,Shanghai,2020-02-26,337,3,272
2086,Shanghai,2020-02-27,337,3,276
2087,Shanghai,2020-02-28,337,3,279
2088,Shanghai,2020-02-29,337,3,287
2089,Shanghai,2020-03-01,337,3,290
2090,Shanghai,2020-03-02,337,3,292
2091,Shanghai,2020-03-03,338,3,294
2092,Shanghai,2020-03-04,338,3,298
2093,Shanghai,2020-03-05,339,3,303
2094,Shanghai,2020-03-06,342,3,306
2095,Shanghai,2020-03-07,342,3,313
2096,Shanghai,2020-03-08,342,3,314
2097,Shanghai,2020-03-09,342,3,315
2098,Shanghai,2020-03-10,344,3,319
2099,Shanghai,2020-03-11,344,3,320
2100,Shanghai,2020-03-12,344,3,321
2101,Shanghai,2020-03-13,346,3,324
2102,Shanghai,2020-03-14,353,3,324
2103,Shanghai,2020-03-15,353,3,324
2104,Shanghai,2020-03-16,355,3,325
2105,Shanghai,2020-03-17,358,3,325
2106,Shanghai,2020-03-18,361,3,326
2107,Shanghai,2020-03-19,363,3,326
2108,Shanghai,2020-03-20,371,3,326
2109,Shanghai,2020-03-21,380,3,327
2110,Shanghai,2020-03-22,404,4,328
2111,Shanghai,2020-03-23,404,4,329
2112,Shanghai,2020-03-24,414,4,330
2113,Shanghai,2020-03-25,433,5,330
2114,Shanghai,2020-03-26,451,5,331
2115,Shanghai,2020-03-27,468,5,334
2116,Shanghai,2020-03-28,485,5,334
2117,Shanghai,2020-03-29,492,5,334
2118,Shanghai,2020-03-30,498,5,338
2119,Shanghai,2020-03-31,509,5,341
2120,Shanghai,2020-04-01,516,6,341
2121,Shanghai,2020-04-02,522,6,343
2122,Shanghai,2020-04-03,526,6,348
2123,Shanghai,2020-04-04,529,6,356
2124,Shanghai,2020-04-05,531,6,383
2125,Shanghai,2020-04-06,536,6,389
2126,Shanghai,2020-04-07,538,6,406
2127,Shanghai,2020-04-08,543,7,418
2128,Shanghai,2020-04-09,552,7,422
2129,Shanghai,2020-04-10,555,7,435
2130,Shanghai,2020-04-11,555,7,438
2131,Shanghai,2020-04-12,607,7,446
2132,Shanxi,2020-01-22,1,0,0
2133,Shanxi,2020-01-23,1,0,0
2134,Shanxi,2020-01-24,1,0,0
2135,Shanxi,2020-01-25,6,0,0
2136,Shanxi,2020-01-26,9,0,0
2137,Shanxi,2020-01-27,13,0,0
2138,Shanxi,2020-01-28,27,0,0
2139,Shanxi,2020-01-29,27,0,1
2140,Shanxi,2020-01-30,35,0,1
2141,Shanxi,2020-01-31,39,0,1
2142,Shanxi,2020-02-01,47,0,1
2143,Shanxi,2020-02-02,66,0,3
2144,Shanxi,2020-02-03,74,0,2
2145,Shanxi,2020-02-04,81,0,4
2146,Shanxi,2020-02-05,81,0,5
2147,Shanxi,2020-02-06,96,0,12
2148,Shanxi,2020-02-07,104,0,15
2149,Shanxi,2020-02-08,115,0,21
2150,Shanxi,2020-02-09,119,0,25
2151,Shanxi,2020-02-10,119,0,25
2152,Shanxi,2020-02-11,124,0,30
2153,Shanxi,2020-02-12,126,0,33
2154,Shanxi,2020-02-13,126,0,36
2155,Shanxi,2020-02-14,127,0,38
2156,Shanxi,2020-02-15,128,0,46
2157,Shanxi,2020-02-16,129,0,50
2158,Shanxi,2020-02-17,130,0,53
2159,Shanxi,2020-02-18,131,0,61
2160,Shanxi,2020-02-19,131,0,68
2161,Shanxi,2020-02-20,132,0,76
2162,Shanxi,2020-02-21,132,0,78
2163,Shanxi,2020-02-22,132,0,81
2164,Shanxi,2020-02-23,132,0,88
2165,Shanxi,2020-02-24,133,0,94
2166,Shanxi,2020-02-25,133,0,98
2167,Shanxi,2020-02-26,133,0,104
2168,Shanxi,2020-02-27,133,0,107
2169,Shanxi,2020-02-28,133,0,112
2170,Shanxi,2020-02-29,133,0,114
2171,Shanxi,2020-03-01,133,0,116
2172,Shanxi,2020-03-02,133,0,119
2173,Shanxi,2020-03-03,133,0,124
2174,Shanxi,2020-03-04,133,0,124
2175,Shanxi,2020-03-05,133,0,126
2176,Shanxi,2020-03-06,133,0,126
2177,Shanxi,2020-03-07,133,0,126
2178,Shanxi,2020-03-08,133,0,126
2179,Shanxi,2020-03-09,133,0,127
2180,Shanxi,2020-03-10,133,0,131
2181,Shanxi,2020-03-11,133,0,131
2182,Shanxi,2020-03-12,133,0,132
2183,Shanxi,2020-03-13,133,0,133
2184,Shanxi,2020-03-14,133,0,133
2185,Shanxi,2020-03-15,133,0,133
2186,Shanxi,2020-03-16,133,0,133
2187,Shanxi,2020-03-17,133,0,133
2188,Shanxi,2020-03-18,133,0,133
2189,Shanxi,2020-03-19,133,0,133
2190,Shanxi,2020-03-20,133,0,133
2191,Shanxi,2020-03-21,133,0,133
2192,Shanxi,2020-03-22,133,0,133
2193,Shanxi,2020-03-23,134,0,133
2194,Shanxi,2020-03-24,134,0,133
2195,Shanxi,2020-03-25,134,0,133
2196,Shanxi,2020-03-26,135,0,133
2197,Shanxi,2020-03-27,135,0,133
2198,Shanxi,2020-03-28,135,0,133
2199,Shanxi,2020-03-29,136,0,133
2200,Shanxi,2020-03-30,136,0,133
2201,Shanxi,2020-03-31,136,0,133
2202,Shanxi,2020-04-01,137,0,133
2203,Shanxi,2020-04-02,137,0,133
2204,Shanxi,2020-04-03,137,0,133
2205,Shanxi,2020-04-04,137,0,133
2206,Shanxi,2020-04-05,138,0,133
2207,Shanxi,2020-04-06,138,0,133
2208,Shanxi,2020-04-07,138,0,133
2209,Shanxi,2020-04-08,163,0,134
2210,Shanxi,2020-04-09,166,0,134
2211,Shanxi,2020-04-10,168,0,134
2212,Shanxi,2020-04-11,172,0,135
2213,Shanxi,2020-04-12,172,0,135
2214,Sichuan,2020-01-22,5,0,0
2215,Sichuan,2020-01-23,8,0,0
2216,Sichuan,2020-01-24,15,0,0
2217,Sichuan,2020-01-25,28,0,0
2218,Sichuan,2020-01-26,44,0,0
2219,Sichuan,2020-01-27,69,0,0
2220,Sichuan,2020-01-28,90,0,0
2221,Sichuan,2020-01-29,108,1,1
2222,Sichuan,2020-01-30,142,1,1
2223,Sichuan,2020-01-31,177,1,1
2224,Sichuan,2020-02-01,207,1,3
2225,Sichuan,2020-02-02,231,1,11
2226,Sichuan,2020-02-03,254,1,14
2227,Sichuan,2020-02-04,282,1,14
2228,Sichuan,2020-02-05,301,1,24
2229,Sichuan,2020-02-06,321,1,31
2230,Sichuan,2020-02-07,344,1,42
2231,Sichuan,2020-02-08,364,1,60
2232,Sichuan,2020-02-09,386,1,71
2233,Sichuan,2020-02-10,405,1,80
2234,Sichuan,2020-02-11,417,1,85
2235,Sichuan,2020-02-12,436,1,92
2236,Sichuan,2020-02-13,451,1,104
2237,Sichuan,2020-02-14,463,1,114
2238,Sichuan,2020-02-15,470,1,119
2239,Sichuan,2020-02-16,481,3,131
2240,Sichuan,2020-02-17,495,3,156
2241,Sichuan,2020-02-18,508,3,169
2242,Sichuan,2020-02-19,514,3,188
2243,Sichuan,2020-02-20,520,3,217
2244,Sichuan,2020-02-21,525,3,231
2245,Sichuan,2020-02-22,526,3,250
2246,Sichuan,2020-02-23,526,3,261
2247,Sichuan,2020-02-24,527,3,276
2248,Sichuan,2020-02-25,529,3,289
2249,Sichuan,2020-02-26,531,3,307
2250,Sichuan,2020-02-27,534,3,321
2251,Sichuan,2020-02-28,538,3,338
2252,Sichuan,2020-02-29,538,3,351
2253,Sichuan,2020-03-01,538,3,365
2254,Sichuan,2020-03-02,538,3,386
2255,Sichuan,2020-03-03,538,3,394
2256,Sichuan,2020-03-04,538,3,406
2257,Sichuan,2020-03-05,539,3,425
2258,Sichuan,2020-03-06,539,3,442
2259,Sichuan,2020-03-07,539,3,454
2260,Sichuan,2020-03-08,539,3,464
2261,Sichuan,2020-03-09,539,3,466
2262,Sichuan,2020-03-10,539,3,478
2263,Sichuan,2020-03-11,539,3,488
2264,Sichuan,2020-03-12,539,3,498
2265,Sichuan,2020-03-13,539,3,503
2266,Sichuan,2020-03-14,539,3,511
2267,Sichuan,2020-03-15,539,3,516
2268,Sichuan,2020-03-16,539,3,516
2269,Sichuan,2020-03-17,540,3,520
2270,Sichuan,2020-03-18,540,3,525
2271,Sichuan,2020-03-19,540,3,536
2272,Sichuan,2020-03-20,541,3,536
2273,Sichuan,2020-03-21,542,3,536
2274,Sichuan,2020-03-22,543,3,536
2275,Sichuan,2020-03-23,543,3,536
2276,Sichuan,2020-03-24,545,3,536
2277,Sichuan,2020-03-25,547,3,536
2278,Sichuan,2020-03-26,547,3,536
2279,Sichuan,2020-03-27,548,3,536
2280,Sichuan,2020-03-28,548,3,536
2281,Sichuan,2020-03-29,550,3,536
2282,Sichuan,2020-03-30,550,3,536
2283,Sichuan,2020-03-31,550,3,536
2284,Sichuan,2020-04-01,552,3,537
2285,Sichuan,2020-04-02,554,3,537
2286,Sichuan,2020-04-03,555,3,537
2287,Sichuan,2020-04-04,557,3,538
2288,Sichuan,2020-04-05,558,3,539
2289,Sichuan,2020-04-06,559,3,540
2290,Sichuan,2020-04-07,560,3,541
2291,Sichuan,2020-04-08,560,3,541
2292,Sichuan,2020-04-09,560,3,541
2293,Sichuan,2020-04-10,560,3,546
2294,Sichuan,2020-04-11,560,3,547
2295,Sichuan,2020-04-12,560,3,547
2296,Tianjin,2020-01-22,4,0,0
2297,Tianjin,2020-01-23,4,0,0
2298,Tianjin,2020-01-24,8,0,0
2299,Tianjin,2020-01-25,10,0,0
2300,Tianjin,2020-01-26,14,0,0
2301,Tianjin,2020-01-27,23,0,0
2302,Tianjin,2020-01-28,24,0,0
2303,Tianjin,2020-01-29,27,0,0
2304,Tianjin,2020-01-30,31,0,0
2305,Tianjin,2020-01-31,32,0,0
2306,Tianjin,2020-02-01,41,0,0
2307,Tianjin,2020-02-02,48,0,1
2308,Tianjin,2020-02-03,60,0,1
2309,Tianjin,2020-02-04,67,0,2
2310,Tianjin,2020-02-05,69,1,2
2311,Tianjin,2020-02-06,79,1,2
2312,Tianjin,2020-02-07,81,1,2
2313,Tianjin,2020-02-08,88,1,4
2314,Tianjin,2020-02-09,91,1,4
2315,Tianjin,2020-02-10,95,1,8
2316,Tianjin,2020-02-11,106,2,10
2317,Tianjin,2020-02-12,112,2,11
2318,Tianjin,2020-02-13,119,3,21
2319,Tianjin,2020-02-14,120,3,31
2320,Tianjin,2020-02-15,122,3,37
2321,Tianjin,2020-02-16,124,3,45
2322,Tianjin,2020-02-17,125,3,46
2323,Tianjin,2020-02-18,128,3,48
2324,Tianjin,2020-02-19,130,3,54
2325,Tianjin,2020-02-20,131,3,59
2326,Tianjin,2020-02-21,132,3,62
2327,Tianjin,2020-02-22,135,3,65
2328,Tianjin,2020-02-23,135,3,81
2329,Tianjin,2020-02-24,135,3,87
2330,Tianjin,2020-02-25,135,3,91
2331,Tianjin,2020-02-26,135,3,96
2332,Tianjin,2020-02-27,136,3,102
2333,Tianjin,2020-02-28,136,3,102
2334,Tianjin,2020-02-29,136,3,109
2335,Tianjin,2020-03-01,136,3,111
2336,Tianjin,2020-03-02,136,3,111
2337,Tianjin,2020-03-03,136,3,124
2338,Tianjin,2020-03-04,136,3,124
2339,Tianjin,2020-03-05,136,3,128
2340,Tianjin,2020-03-06,136,3,128
2341,Tianjin,2020-03-07,136,3,128
2342,Tianjin,2020-03-08,136,3,128
2343,Tianjin,2020-03-09,136,3,130
2344,Tianjin,2020-03-10,136,3,131
2345,Tianjin,2020-03-11,136,3,131
2346,Tianjin,2020-03-12,136,3,132
2347,Tianjin,2020-03-13,136,3,132
2348,Tianjin,2020-03-14,136,3,132
2349,Tianjin,2020-03-15,136,3,133
2350,Tianjin,2020-03-16,136,3,133
2351,Tianjin,2020-03-17,136,3,133
2352,Tianjin,2020-03-18,136,3,133
2353,Tianjin,2020-03-19,137,3,133
2354,Tianjin,2020-03-20,137,3,133
2355,Tianjin,2020-03-21,137,3,133
2356,Tianjin,2020-03-22,137,3,133
2357,Tianjin,2020-03-23,141,3,133
2358,Tianjin,2020-03-24,145,3,133
2359,Tianjin,2020-03-25,145,3,133
2360,Tianjin,2020-03-26,151,3,133
2361,Tianjin,2020-03-27,155,3,133
2362,Tianjin,2020-03-28,161,3,133
2363,Tianjin,2020-03-29,166,3,133
2364,Tianjin,2020-03-30,174,3,133
2365,Tianjin,2020-03-31,174,3,135
2366,Tianjin,2020-04-01,176,3,135
2367,Tianjin,2020-04-02,176,3,135
2368,Tianjin,2020-04-03,180,3,140
2369,Tianjin,2020-04-04,180,3,144
2370,Tianjin,2020-04-05,180,3,144
2371,Tianjin,2020-04-06,180,3,144
2372,Tianjin,2020-04-07,180,3,151
2373,Tianjin,2020-04-08,180,3,152
2374,Tianjin,2020-04-09,182,3,152
2375,Tianjin,2020-04-10,183,3,158
2376,Tianjin,2020-04-11,183,3,161
2377,Tianjin,2020-04-12,183,3,161
2378,Tibet,2020-01-22,0,0,0
2379,Tibet,2020-01-23,0,0,0
2380,Tibet,2020-01-24,0,0,0
2381,Tibet,2020-01-25,0,0,0
2382,Tibet,2020-01-26,0,0,0
2383,Tibet,2020-01-27,0,0,0
2384,Tibet,2020-01-28,0,0,0
2385,Tibet,2020-01-29,0,0,0
2386,Tibet,2020-01-30,1,0,0
2387,Tibet,2020-01-31,1,0,0
2388,Tibet,2020-02-01,1,0,0
2389,Tibet,2020-02-02,1,0,0
2390,Tibet,2020-02-03,1,0,0
2391,Tibet,2020-02-04,1,0,0
2392,Tibet,2020-02-05,1,0,0
2393,Tibet,2020-02-06,1,0,0
2394,Tibet,2020-02-07,1,0,0
2395,Tibet,2020-02-08,1,0,0
2396,Tibet,2020-02-09,1,0,0
2397,Tibet,2020-02-10,1,0,0
2398,Tibet,2020-02-11,1,0,0
2399,Tibet,2020-02-12,1,0,1
2400,Tibet,2020-02-13,1,0,1
2401,Tibet,2020-02-14,1,0,1
2402,Tibet,2020-02-15,1,0,1
2403,Tibet,2020-02-16,1,0,1
2404,Tibet,2020-02-17,1,0,1
2405,Tibet,2020-02-18,1,0,1
2406,Tibet,2020-02-19,1,0,1
2407,Tibet,2020-02-20,1,0,1
2408,Tibet,2020-02-21,1,0,1
2409,Tibet,2020-02-22,1,0,1
2410,Tibet,2020-02-23,1,0,1
2411,Tibet,2020-02-24,1,0,1
2412,Tibet,2020-02-25,1,0,1
2413,Tibet,2020-02-26,1,0,1
2414,Tibet,2020-02-27,1,0,1
2415,Tibet,2020-02-28,1,0,1
2416,Tibet,2020-02-29,1,0,1
2417,Tibet,2020-03-01,1,0,1
2418,Tibet,2020-03-02,1,0,1
2419,Tibet,2020-03-03,1,0,1
2420,Tibet,2020-03-04,1,0,1
2421,Tibet,2020-03-05,1,0,1
2422,Tibet,2020-03-06,1,0,1
2423,Tibet,2020-03-07,1,0,1
2424,Tibet,2020-03-08,1,0,1
2425,Tibet,2020-03-09,1,0,1
2426,Tibet,2020-03-10,1,0,1
2427,Tibet,2020-03-11,1,0,1
2428,Tibet,2020-03-12,1,0,1
2429,Tibet,2020-03-13,1,0,1
2430,Tibet,2020-03-14,1,0,1
2431,Tibet,2020-03-15,1,0,1
2432,Tibet,2020-03-16,1,0,1
2433,Tibet,2020-03-17,1,0,1
2434,Tibet,2020-03-18,1,0,1
2435,Tibet,2020-03-19,1,0,1
2436,Tibet,2020-03-20,1,0,1
2437,Tibet,2020-03-21,1,0,1
2438,Tibet,2020-03-22,1,0,1
2439,Tibet,2020-03-23,1,0,1
2440,Tibet,2020-03-24,1,0,1
2441,Tibet,2020-03-25,1,0,1
2442,Tibet,2020-03-26,1,0,1
2443,Tibet,2020-03-27,1,0,1
2444,Tibet,2020-03-28,1,0,1
2445,Tibet,2020-03-29,1,0,1
2446,Tibet,2020-03-30,1,0,1
2447,Tibet,2020-03-31,1,0,1
2448,Tibet,2020-04-01,1,0,1
2449,Tibet,2020-04-02,1,0,1
2450,Tibet,2020-04-03,1,0,1
2451,Tibet,2020-04-04,1,0,1
2452,Tibet,2020-04-05,1,0,1
2453,Tibet,2020-04-06,1,0,1
2454,Tibet,2020-04-07,1,0,1
2455,Tibet,2020-04-08,1,0,1
2456,Tibet,2020-04-09,1,0,1
2457,Tibet,2020-04-10,1,0,1
2458,Tibet,2020-04-11,1,0,1
2459,Tibet,2020-04-12,1,0,1
2460,Xinjiang,2020-01-22,0,0,0
2461,Xinjiang,2020-01-23,2,0,0
2462,Xinjiang,2020-01-24,2,0,0
2463,Xinjiang,2020-01-25,3,0,0
2464,Xinjiang,2020-01-26,4,0,0
2465,Xinjiang,2020-01-27,5,0,0
2466,Xinjiang,2020-01-28,10,0,0
2467,Xinjiang,2020-01-29,13,0,0
2468,Xinjiang,2020-01-30,14,0,0
2469,Xinjiang,2020-01-31,17,0,0
2470,Xinjiang,2020-02-01,18,0,0
2471,Xinjiang,2020-02-02,21,0,0
2472,Xinjiang,2020-02-03,24,0,0
2473,Xinjiang,2020-02-04,29,0,0
2474,Xinjiang,2020-02-05,32,0,0
2475,Xinjiang,2020-02-06,36,0,0
2476,Xinjiang,2020-02-07,39,0,0
2477,Xinjiang,2020-02-08,42,0,0
2478,Xinjiang,2020-02-09,45,0,0
2479,Xinjiang,2020-02-10,49,0,0
2480,Xinjiang,2020-02-11,55,0,3
2481,Xinjiang,2020-02-12,59,0,3
2482,Xinjiang,2020-02-13,63,1,6
2483,Xinjiang,2020-02-14,65,1,6
2484,Xinjiang,2020-02-15,70,1,10
2485,Xinjiang,2020-02-16,71,1,12
2486,Xinjiang,2020-02-17,75,1,12
2487,Xinjiang,2020-02-18,76,1,12
2488,Xinjiang,2020-02-19,76,1,20
2489,Xinjiang,2020-02-20,76,1,22
2490,Xinjiang,2020-02-21,76,1,24
2491,Xinjiang,2020-02-22,76,2,25
2492,Xinjiang,2020-02-23,76,2,28
2493,Xinjiang,2020-02-24,76,2,30
2494,Xinjiang,2020-02-25,76,2,30
2495,Xinjiang,2020-02-26,76,2,34
2496,Xinjiang,2020-02-27,76,2,43
2497,Xinjiang,2020-02-28,76,3,52
2498,Xinjiang,2020-02-29,76,3,62
2499,Xinjiang,2020-03-01,76,3,64
2500,Xinjiang,2020-03-02,76,3,66
2501,Xinjiang,2020-03-03,76,3,68
2502,Xinjiang,2020-03-04,76,3,69
2503,Xinjiang,2020-03-05,76,3,70
2504,Xinjiang,2020-03-06,76,3,71
2505,Xinjiang,2020-03-07,76,3,72
2506,Xinjiang,2020-03-08,76,3,73
2507,Xinjiang,2020-03-09,76,3,73
2508,Xinjiang,2020-03-10,76,3,73
2509,Xinjiang,2020-03-11,76,3,73
2510,Xinjiang,2020-03-12,76,3,73
2511,Xinjiang,2020-03-13,76,3,73
2512,Xinjiang,2020-03-14,76,3,73
2513,Xinjiang,2020-03-15,76,3,73
2514,Xinjiang,2020-03-16,76,3,73
2515,Xinjiang,2020-03-17,76,3,73
2516,Xinjiang,2020-03-18,76,3,73
2517,Xinjiang,2020-03-19,76,3,73
2518,Xinjiang,2020-03-20,76,3,73
2519,Xinjiang,2020-03-21,76,3,73
2520,Xinjiang,2020-03-22,76,3,73
2521,Xinjiang,2020-03-23,76,3,73
2522,Xinjiang,2020-03-24,76,3,73
2523,Xinjiang,2020-03-25,76,3,73
2524,Xinjiang,2020-03-26,76,3,73
2525,Xinjiang,2020-03-27,76,3,73
2526,Xinjiang,2020-03-28,76,3,73
2527,Xinjiang,2020-03-29,76,3,73
2528,Xinjiang,2020-03-30,76,3,73
2529,Xinjiang,2020-03-31,76,3,73
2530,Xinjiang,2020-04-01,76,3,73
2531,Xinjiang,2020-04-02,76,3,73
2532,Xinjiang,2020-04-03,76,3,73
2533,Xinjiang,2020-04-04,76,3,73
2534,Xinjiang,2020-04-05,76,3,73
2535,Xinjiang,2020-04-06,76,3,73
2536,Xinjiang,2020-04-07,76,3,73
2537,Xinjiang,2020-04-08,76,3,73
2538,Xinjiang,2020-04-09,76,3,73
2539,Xinjiang,2020-04-10,76,3,73
2540,Xinjiang,2020-04-11,76,3,73
2541,Xinjiang,2020-04-12,76,3,73
2542,Yunnan,2020-01-22,1,0,0
2543,Yunnan,2020-01-23,2,0,0
2544,Yunnan,2020-01-24,5,0,0
2545,Yunnan,2020-01-25,11,0,0
2546,Yunnan,2020-01-26,16,0,0
2547,Yunnan,2020-01-27,26,0,0
2548,Yunnan,2020-01-28,44,0,0
2549,Yunnan,2020-01-29,55,0,0
2550,Yunnan,2020-01-30,70,0,0
2551,Yunnan,2020-01-31,83,0,1
2552,Yunnan,2020-02-01,93,0,2
2553,Yunnan,2020-02-02,105,0,3
2554,Yunnan,2020-02-03,117,0,5
2555,Yunnan,2020-02-04,122,0,5
2556,Yunnan,2020-02-05,128,0,5
2557,Yunnan,2020-02-06,133,0,7
2558,Yunnan,2020-02-07,138,0,12
2559,Yunnan,2020-02-08,138,0,17
2560,Yunnan,2020-02-09,141,0,18
2561,Yunnan,2020-02-10,149,0,19
2562,Yunnan,2020-02-11,153,0,20
2563,Yunnan,2020-02-12,154,0,26
2564,Yunnan,2020-02-13,156,0,27
2565,Yunnan,2020-02-14,162,0,36
2566,Yunnan,2020-02-15,168,0,42
2567,Yunnan,2020-02-16,171,0,42
2568,Yunnan,2020-02-17,171,0,47
2569,Yunnan,2020-02-18,172,0,57
2570,Yunnan,2020-02-19,172,1,60
2571,Yunnan,2020-02-20,174,2,79
2572,Yunnan,2020-02-21,174,2,96
2573,Yunnan,2020-02-22,174,2,107
2574,Yunnan,2020-02-23,174,2,115
2575,Yunnan,2020-02-24,174,2,124
2576,Yunnan,2020-02-25,174,2,129
2577,Yunnan,2020-02-26,174,2,144
2578,Yunnan,2020-02-27,174,2,150
2579,Yunnan,2020-02-28,174,2,156
2580,Yunnan,2020-02-29,174,2,157
2581,Yunnan,2020-03-01,174,2,163
2582,Yunnan,2020-03-02,174,2,168
2583,Yunnan,2020-03-03,174,2,169
2584,Yunnan,2020-03-04,174,2,169
2585,Yunnan,2020-03-05,174,2,169
2586,Yunnan,2020-03-06,174,2,170
2587,Yunnan,2020-03-07,174,2,170
2588,Yunnan,2020-03-08,174,2,170
2589,Yunnan,2020-03-09,174,2,170
2590,Yunnan,2020-03-10,174,2,170
2591,Yunnan,2020-03-11,174,2,170
2592,Yunnan,2020-03-12,174,2,170
2593,Yunnan,2020-03-13,174,2,170
2594,Yunnan,2020-03-14,174,2,172
2595,Yunnan,2020-03-15,174,2,172
2596,Yunnan,2020-03-16,176,2,172
2597,Yunnan,2020-03-17,176,2,172
2598,Yunnan,2020-03-18,176,2,172
2599,Yunnan,2020-03-19,176,2,172
2600,Yunnan,2020-03-20,176,2,172
2601,Yunnan,2020-03-21,176,2,172
2602,Yunnan,2020-03-22,176,2,172
2603,Yunnan,2020-03-23,176,2,172
2604,Yunnan,2020-03-24,176,2,172
2605,Yunnan,2020-03-25,176,2,172
2606,Yunnan,2020-03-26,178,2,172
2607,Yunnan,2020-03-27,180,2,172
2608,Yunnan,2020-03-28,180,2,172
2609,Yunnan,2020-03-29,180,2,172
2610,Yunnan,2020-03-30,180,2,172
2611,Yunnan,2020-03-31,182,2,172
2612,Yunnan,2020-04-01,182,2,172
2613,Yunnan,2020-04-02,183,2,172
2614,Yunnan,2020-04-03,184,2,172
2615,Yunnan,2020-04-04,184,2,172
2616,Yunnan,2020-04-05,184,2,172
2617,Yunnan,2020-04-06,184,2,172
2618,Yunnan,2020-04-07,184,2,173
2619,Yunnan,2020-04-08,184,2,173
2620,Yunnan,2020-04-09,184,2,173
2621,Yunnan,2020-04-10,184,2,173
2622,Yunnan,2020-04-11,184,2,174
2623,Yunnan,2020-04-12,184,2,174
2624,Zhejiang,2020-01-22,10,0,0
2625,Zhejiang,2020-01-23,27,0,0
2626,Zhejiang,2020-01-24,43,0,1
2627,Zhejiang,2020-01-25,62,0,1
2628,Zhejiang,2020-01-26,104,0,1
2629,Zhejiang,2020-01-27,128,0,1
2630,Zhejiang,2020-01-28,173,0,3
2631,Zhejiang,2020-01-29,296,0,3
2632,Zhejiang,2020-01-30,428,0,4
2633,Zhejiang,2020-01-31,538,0,14
2634,Zhejiang,2020-02-01,599,0,21
2635,Zhejiang,2020-02-02,661,0,32
2636,Zhejiang,2020-02-03,724,0,43
2637,Zhejiang,2020-02-04,829,0,62
2638,Zhejiang,2020-02-05,895,0,78
2639,Zhejiang,2020-02-06,954,0,94
2640,Zhejiang,2020-02-07,1006,0,123
2641,Zhejiang,2020-02-08,1048,0,175
2642,Zhejiang,2020-02-09,1075,0,201
2643,Zhejiang,2020-02-10,1092,0,242
2644,Zhejiang,2020-02-11,1117,0,270
2645,Zhejiang,2020-02-12,1131,0,321
2646,Zhejiang,2020-02-13,1145,0,360
2647,Zhejiang,2020-02-14,1155,0,403
2648,Zhejiang,2020-02-15,1162,0,428
2649,Zhejiang,2020-02-16,1167,0,456
2650,Zhejiang,2020-02-17,1171,0,507
2651,Zhejiang,2020-02-18,1172,0,535
2652,Zhejiang,2020-02-19,1174,0,604
2653,Zhejiang,2020-02-20,1175,1,633
2654,Zhejiang,2020-02-21,1203,1,679
2655,Zhejiang,2020-02-22,1205,1,719
2656,Zhejiang,2020-02-23,1205,1,760
2657,Zhejiang,2020-02-24,1205,1,782
2658,Zhejiang,2020-02-25,1205,1,808
2659,Zhejiang,2020-02-26,1205,1,867
2660,Zhejiang,2020-02-27,1205,1,932
2661,Zhejiang,2020-02-28,1205,1,975
2662,Zhejiang,2020-02-29,1205,1,1016
2663,Zhejiang,2020-03-01,1205,1,1046
2664,Zhejiang,2020-03-02,1206,1,1069
2665,Zhejiang,2020-03-03,1213,1,1093
2666,Zhejiang,2020-03-04,1213,1,1114
2667,Zhejiang,2020-03-05,1215,1,1124
2668,Zhejiang,2020-03-06,1215,1,1147
2669,Zhejiang,2020-03-07,1215,1,1154
2670,Zhejiang,2020-03-08,1215,1,1161
2671,Zhejiang,2020-03-09,1215,1,1176
2672,Zhejiang,2020-03-10,1215,1,1191
2673,Zhejiang,2020-03-11,1215,1,1195
2674,Zhejiang,2020-03-12,1215,1,1197
2675,Zhejiang,2020-03-13,1215,1,1197
2676,Zhejiang,2020-03-14,1227,1,1211
2677,Zhejiang,2020-03-15,1231,1,1211
2678,Zhejiang,2020-03-16,1231,1,1216
2679,Zhejiang,2020-03-17,1232,1,1216
2680,Zhejiang,2020-03-18,1232,1,1216
2681,Zhejiang,2020-03-19,1233,1,1217
2682,Zhejiang,2020-03-20,1234,1,1219
2683,Zhejiang,2020-03-21,1236,1,1219
2684,Zhejiang,2020-03-22,1238,1,1219
2685,Zhejiang,2020-03-23,1238,1,1221
2686,Zhejiang,2020-03-24,1240,1,1221
2687,Zhejiang,2020-03-25,1241,1,1221
2688,Zhejiang,2020-03-26,1243,1,1222
2689,Zhejiang,2020-03-27,1247,1,1222
2690,Zhejiang,2020-03-28,1251,1,1225
2691,Zhejiang,2020-03-29,1254,1,1225
2692,Zhejiang,2020-03-30,1255,1,1225
2693,Zhejiang,2020-03-31,1257,1,1226
2694,Zhejiang,2020-04-01,1257,1,1226
2695,Zhejiang,2020-04-02,1258,1,1228
2696,Zhejiang,2020-04-03,1260,1,1228
2697,Zhejiang,2020-04-04,1262,1,1229
2698,Zhejiang,2020-04-05,1263,1,1230
2699,Zhejiang,2020-04-06,1264,1,1230
2700,Zhejiang,2020-04-07,1265,1,1230
2701,Zhejiang,2020-04-08,1266,1,1232
2702,Zhejiang,2020-04-09,1267,1,1235
2703,Zhejiang,2020-04-10,1267,1,1235
2704,Zhejiang,2020-04-11,1267,1,1236
2705,Zhejiang,2020-04-12,1267,1,1238
